timestamp,pod,app,phase,pod_ready,ready_containers,total_containers,restart_count,container_restarts,container_states,api_pod_count,node,all_nodes_ready,node_states
2026-09-09T21:14:09.368Z,api-6b9869b78-28xn9,api,Running,True,1,1,5,"{""api"": 5}","{""api"": ""running""}",1,desktop-control-plane,True,"{""desktop-control-plane"": true}"
2026-09-09T21:14:09.368Z,jaeger-7cc9b664cc-6bwgk,jaeger,Running,True,1,1,0,"{""jaeger"": 0}","{""jaeger"": ""running""}",1,desktop-control-plane,True,"{""desktop-control-plane"": true}"
2026-09-09T21:14:09.368Z,otel-collector-7c765745bf-x2wsq,otel-collector,Running,True,1,1,0,"{""otel-collector"": 0}","{""otel-collector"": ""running""}",1,desktop-control-plane,True,"{""desktop-control-plane"": true}"
2026-09-09T21:14:09.368Z,postgres-676cc4986c-8r7v5,postgres,Running,True,1,1,0,"{""postgres"": 0}","{""postgres"": ""running""}",1,desktop-control-plane,True,"{""desktop-control-plane"": true}"
2026-09-09T21:14:09.368Z,prometheus-59f5cf7468-qk6t6,prometheus,Running,True,1,1,0,"{""prometheus"": 0}","{""prometheus"": ""running""}",1,desktop-control-plane,True,"{""desktop-control-plane"": true}"
2026-09-09T21:14:09.368Z,rabbitmq-5cdf8f76b7-ftmdd,rabbitmq,Running,True,1,1,0,"{""rabbitmq"": 0}","{""rabbitmq"": ""running""}",1,desktop-control-plane,True,"{""desktop-control-plane"": true}"
2026-09-09T21:14:09.368Z,worker-56d7bdf6b4-8hz8f,worker,Running,True,1,1,0,"{""worker"": 0}","{""worker"": ""running""}",1,desktop-control-plane,True,"{""desktop-control-plane"": true}"
2026-09-09T21:14:14.368Z,api-6b9869b78-28xn9,api,Running,True,1,1,5,"{""api"": 5}","{""api"": ""running""}",1,desktop-control-plane,True,"{""desktop-control-plane"": true}"
2026-09-09T21:14:14.368Z,jaeger-7cc9b664cc-6bwgk,jaeger,Running,True,1,1,0,"{""jaeger"": 0}","{""jaeger"": ""running""}",1,desktop-control-plane,True,"{""desktop-control-plane"": true}"
2026-09-09T21:14:14.368Z,otel-collector-7c765745bf-x2wsq,otel-collector,Running,True,1,1,0,"{""otel-collector"": 0}","{""otel-collector"": ""running""}",1,desktop-control-plane,True,"{""desktop-control-plane"": true}"
2026-09-09T21:14:14.368Z,postgres-676cc4986c-8r7v5,postgres,Running,True,1,1,0,"{""postgres"": 0}","{""postgres"": ""running""}",1,desktop-control-plane,True,"{""desktop-control-plane"": true}"
2026-09-09T21:14:14.368Z,prometheus-59f5cf7468-qk6t6,prometheus,Running,True,1,1,0,"{""prometheus"": 0}","{""prometheus"": ""running""}",1,desktop-control-plane,True,"{""desktop-control-plane"": true}"
2026-09-09T21:14:14.368Z,rabbitmq-5cdf8f76b7-ftmdd,rabbitmq,Running,True,1,1,0,"{""rabbitmq"": 0}","{""rabbitmq"": ""running""}",1,desktop-control-plane,True,"{""desktop-control-plane"": true}"
2026-09-09T21:14:14.368Z,worker-56d7bdf6b4-8hz8f,worker,Running,True,1,1,0,"{""worker"": 0}","{""worker"": ""running""}",1,desktop-control-plane,True,"{""desktop-control-plane"": true}"
2026-09-09T21:14:19.368Z,api-6b9869b78-28xn9,api,Running,True,1,1,5,"{""api"": 5}","{""api"": ""running""}",1,desktop-control-plane,True,"{""desktop-control-plane"": true}"
2026-09-09T21:14:19.368Z,jaeger-7cc9b664cc-6bwgk,jaeger,Running,True,1,1,0,"{""jaeger"": 0}","{""jaeger"": ""running""}",1,desktop-control-plane,True,"{""desktop-control-plane"": true}"
2026-09-09T21:14:19.368Z,otel-collector-7c765745bf-x2wsq,otel-collector,Running,True,1,1,0,"{""otel-collector"": 0}","{""otel-collector"": ""running""}",1,desktop-control-plane,True,"{""desktop-control-plane"": true}"
2026-09-09T21:14:19.368Z,postgres-676cc4986c-8r7v5,postgres,Running,True,1,1,0,"{""postgres"": 0}","{""postgres"": ""running""}",1,desktop-control-plane,True,"{""desktop-control-plane"": true}"
2026-09-09T21:14:19.368Z,prometheus-59f5cf7468-qk6t6,prometheus,Running,True,1,1,0,"{""prometheus"": 0}","{""prometheus"": ""running""}",1,desktop-control-plane,True,"{""desktop-control-plane"": true}"
2026-09-09T21:14:19.368Z,rabbitmq-5cdf8f76b7-ftmdd,rabbitmq,Running,True,1,1,0,"{""rabbitmq"": 0}","{""rabbitmq"": ""running""}",1,desktop-control-plane,True,"{""desktop-control-plane"": true}"
2026-09-09T21:14:19.368Z,worker-56d7bdf6b4-8hz8f,worker,Running,True,1,1,0,"{""worker"": 0}","{""worker"": ""running""}",1,desktop-control-plane,True,"{""desktop-control-plane"": true}"
2026-09-09T21:14:24.369Z,api-6b9869b78-28xn9,api,Running,True,1,1,5,"{""api"": 5}","{""api"": ""running""}",1,desktop-control-plane,True,"{""desktop-control-plane"": true}"
2026-09-09T21:14:24.369Z,jaeger-7cc9b664cc-6bwgk,jaeger,Running,True,1,1,0,"{""jaeger"": 0}","{""jaeger"": ""running""}",1,desktop-control-plane,True,"{""desktop-control-plane"": true}"
2026-09-09T21:14:24.369Z,otel-collector-7c765745bf-x2wsq,otel-collector,Running,True,1,1,0,"{""otel-collector"": 0}","{""otel-collector"": ""running""}",1,desktop-control-plane,True,"{""desktop-control-plane"": true}"
2026-09-09T21:14:24.369Z,postgres-676cc4986c-8r7v5,postgres,Running,True,1,1,0,"{""postgres"": 0}","{""postgres"": ""running""}",1,desktop-control-plane,True,"{""desktop-control-plane"": true}"
2026-09-09T21:14:24.369Z,prometheus-59f5cf7468-qk6t6,prometheus,Running,True,1,1,0,"{""prometheus"": 0}","{""prometheus"": ""running""}",1,desktop-control-plane,True,"{""desktop-control-plane"": true}"
2026-09-09T21:14:24.369Z,rabbitmq-5cdf8f76b7-ftmdd,rabbitmq,Running,True,1,1,0,"{""rabbitmq"": 0}","{""rabbitmq"": ""running""}",1,desktop-control-plane,True,"{""desktop-control-plane"": true}"
2026-09-09T21:14:24.369Z,worker-56d7bdf6b4-8hz8f,worker,Running,True,1,1,0,"{""worker"": 0}","{""worker"": ""running""}",1,desktop-control-plane,True,"{""desktop-control-plane"": true}"
2026-09-09T21:14:29.369Z,api-6b9869b78-28xn9,api,Running,True,1,1,5,"{""api"": 5}","{""api"": ""running""}",1,desktop-control-plane,True,"{""desktop-control-plane"": true}"
2026-09-09T21:14:29.369Z,jaeger-7cc9b664cc-6bwgk,jaeger,Running,True,1,1,0,"{""jaeger"": 0}","{""jaeger"": ""running""}",1,desktop-control-plane,True,"{""desktop-control-plane"": true}"
2026-09-09T21:14:29.369Z,otel-collector-7c765745bf-x2wsq,otel-collector,Running,True,1,1,0,"{""otel-collector"": 0}","{""otel-collector"": ""running""}",1,desktop-control-plane,True,"{""desktop-control-plane"": true}"
2026-09-09T21:14:29.369Z,postgres-676cc4986c-8r7v5,postgres,Running,True,1,1,0,"{""postgres"": 0}","{""postgres"": ""running""}",1,desktop-control-plane,True,"{""desktop-control-plane"": true}"
2026-09-09T21:14:29.369Z,prometheus-59f5cf7468-qk6t6,prometheus,Running,True,1,1,0,"{""prometheus"": 0}","{""prometheus"": ""running""}",1,desktop-control-plane,True,"{""desktop-control-plane"": true}"
2026-09-09T21:14:29.369Z,rabbitmq-5cdf8f76b7-ftmdd,rabbitmq,Running,True,1,1,0,"{""rabbitmq"": 0}","{""rabbitmq"": ""running""}",1,desktop-control-plane,True,"{""desktop-control-plane"": true}"
2026-09-09T21:14:29.369Z,worker-56d7bdf6b4-8hz8f,worker,Running,True,1,1,0,"{""worker"": 0}","{""worker"": ""running""}",1,desktop-control-plane,True,"{""desktop-control-plane"": true}"
2026-09-09T21:14:34.370Z,api-6b9869b78-28xn9,api,Running,True,1,1,5,"{""api"": 5}","{""api"": ""running""}",1,desktop-control-plane,True,"{""desktop-control-plane"": true}"
2026-09-09T21:14:34.370Z,jaeger-7cc9b664cc-6bwgk,jaeger,Running,True,1,1,0,"{""jaeger"": 0}","{""jaeger"": ""running""}",1,desktop-control-plane,True,"{""desktop-control-plane"": true}"
2026-09-09T21:14:34.370Z,otel-collector-7c765745bf-x2wsq,otel-collector,Running,True,1,1,0,"{""otel-collector"": 0}","{""otel-collector"": ""running""}",1,desktop-control-plane,True,"{""desktop-control-plane"": true}"
2026-09-09T21:14:34.370Z,postgres-676cc4986c-8r7v5,postgres,Running,True,1,1,0,"{""postgres"": 0}","{""postgres"": ""running""}",1,desktop-control-plane,True,"{""desktop-control-plane"": true}"
2026-09-09T21:14:34.370Z,prometheus-59f5cf7468-qk6t6,prometheus,Running,True,1,1,0,"{""prometheus"": 0}","{""prometheus"": ""running""}",1,desktop-control-plane,True,"{""desktop-control-plane"": true}"
2026-09-09T21:14:34.370Z,rabbitmq-5cdf8f76b7-ftmdd,rabbitmq,Running,True,1,1,0,"{""rabbitmq"": 0}","{""rabbitmq"": ""running""}",1,desktop-control-plane,True,"{""desktop-control-plane"": true}"
2026-09-09T21:14:34.370Z,worker-56d7bdf6b4-8hz8f,worker,Running,True,1,1,0,"{""worker"": 0}","{""worker"": ""running""}",1,desktop-control-plane,True,"{""desktop-control-plane"": true}"
2026-09-09T21:14:39.370Z,api-6b9869b78-28xn9,api,Running,True,1,1,5,"{""api"": 5}","{""api"": ""running""}",1,desktop-control-plane,True,"{""desktop-control-plane"": true}"
2026-09-09T21:14:39.370Z,jaeger-7cc9b664cc-6bwgk,jaeger,Running,True,1,1,0,"{""jaeger"": 0}","{""jaeger"": ""running""}",1,desktop-control-plane,True,"{""desktop-control-plane"": true}"
2026-09-09T21:14:39.370Z,otel-collector-7c765745bf-x2wsq,otel-collector,Running,True,1,1,0,"{""otel-collector"": 0}","{""otel-collector"": ""running""}",1,desktop-control-plane,True,"{""desktop-control-plane"": true}"
2026-09-09T21:14:39.370Z,postgres-676cc4986c-8r7v5,postgres,Running,True,1,1,0,"{""postgres"": 0}","{""postgres"": ""running""}",1,desktop-control-plane,True,"{""desktop-control-plane"": true}"
2026-09-09T21:14:39.370Z,prometheus-59f5cf7468-qk6t6,prometheus,Running,True,1,1,0,"{""prometheus"": 0}","{""prometheus"": ""running""}",1,desktop-control-plane,True,"{""desktop-control-plane"": true}"
2026-09-09T21:14:39.370Z,rabbitmq-5cdf8f76b7-ftmdd,rabbitmq,Running,True,1,1,0,"{""rabbitmq"": 0}","{""rabbitmq"": ""running""}",1,desktop-control-plane,True,"{""desktop-control-plane"": true}"
2026-09-09T21:14:39.370Z,worker-56d7bdf6b4-8hz8f,worker,Running,True,1,1,0,"{""worker"": 0}","{""worker"": ""running""}",1,desktop-control-plane,True,"{""desktop-control-plane"": true}"
2026-09-09T21:14:44.370Z,api-6b9869b78-28xn9,api,Running,True,1,1,5,"{""api"": 5}","{""api"": ""running""}",1,desktop-control-plane,True,"{""desktop-control-plane"": true}"
2026-09-09T21:14:44.370Z,jaeger-7cc9b664cc-6bwgk,jaeger,Running,True,1,1,0,"{""jaeger"": 0}","{""jaeger"": ""running""}",1,desktop-control-plane,True,"{""desktop-control-plane"": true}"
2026-09-09T21:14:44.370Z,otel-collector-7c765745bf-x2wsq,otel-collector,Running,True,1,1,0,"{""otel-collector"": 0}","{""otel-collector"": ""running""}",1,desktop-control-plane,True,"{""desktop-control-plane"": true}"
2026-09-09T21:14:44.370Z,postgres-676cc4986c-8r7v5,postgres,Running,True,1,1,0,"{""postgres"": 0}","{""postgres"": ""running""}",1,desktop-control-plane,True,"{""desktop-control-plane"": true}"
2026-09-09T21:14:44.370Z,prometheus-59f5cf7468-qk6t6,prometheus,Running,True,1,1,0,"{""prometheus"": 0}","{""prometheus"": ""running""}",1,desktop-control-plane,True,"{""desktop-control-plane"": true}"
2026-09-09T21:14:44.370Z,rabbitmq-5cdf8f76b7-ftmdd,rabbitmq,Running,True,1,1,0,"{""rabbitmq"": 0}","{""rabbitmq"": ""running""}",1,desktop-control-plane,True,"{""desktop-control-plane"": true}"
2026-09-09T21:14:44.370Z,worker-56d7bdf6b4-8hz8f,worker,Running,True,1,1,0,"{""worker"": 0}","{""worker"": ""running""}",1,desktop-control-plane,True,"{""desktop-control-plane"": true}"
2026-09-09T21:14:49.371Z,api-6b9869b78-28xn9,api,Running,True,1,1,5,"{""api"": 5}","{""api"": ""running""}",1,desktop-control-plane,True,"{""desktop-control-plane"": true}"
2026-09-09T21:14:49.371Z,jaeger-7cc9b664cc-6bwgk,jaeger,Running,True,1,1,0,"{""jaeger"": 0}","{""jaeger"": ""running""}",1,desktop-control-plane,True,"{""desktop-control-plane"": true}"
2026-09-09T21:14:49.371Z,otel-collector-7c765745bf-x2wsq,otel-collector,Running,True,1,1,0,"{""otel-collector"": 0}","{""otel-collector"": ""running""}",1,desktop-control-plane,True,"{""desktop-control-plane"": true}"
2026-09-09T21:14:49.371Z,postgres-676cc4986c-8r7v5,postgres,Running,True,1,1,0,"{""postgres"": 0}","{""postgres"": ""running""}",1,desktop-control-plane,True,"{""desktop-control-plane"": true}"
2026-09-09T21:14:49.371Z,prometheus-59f5cf7468-qk6t6,prometheus,Running,True,1,1,0,"{""prometheus"": 0}","{""prometheus"": ""running""}",1,desktop-control-plane,True,"{""desktop-control-plane"": true}"
2026-09-09T21:14:49.371Z,rabbitmq-5cdf8f76b7-ftmdd,rabbitmq,Running,True,1,1,0,"{""rabbitmq"": 0}","{""rabbitmq"": ""running""}",1,desktop-control-plane,True,"{""desktop-control-plane"": true}"
2026-09-09T21:14:49.371Z,worker-56d7bdf6b4-8hz8f,worker,Running,True,1,1,0,"{""worker"": 0}","{""worker"": ""running""}",1,desktop-control-plane,True,"{""desktop-control-plane"": true}"
2026-09-09T21:14:54.371Z,api-6b9869b78-28xn9,api,Running,True,1,1,5,"{""api"": 5}","{""api"": ""running""}",1,desktop-control-plane,True,"{""desktop-control-plane"": true}"
2026-09-09T21:14:54.371Z,jaeger-7cc9b664cc-6bwgk,jaeger,Running,True,1,1,0,"{""jaeger"": 0}","{""jaeger"": ""running""}",1,desktop-control-plane,True,"{""desktop-control-plane"": true}"
2026-09-09T21:14:54.371Z,otel-collector-7c765745bf-x2wsq,otel-collector,Running,True,1,1,0,"{""otel-collector"": 0}","{""otel-collector"": ""running""}",1,desktop-control-plane,True,"{""desktop-control-plane"": true}"
2026-09-09T21:14:54.371Z,postgres-676cc4986c-8r7v5,postgres,Running,True,1,1,0,"{""postgres"": 0}","{""postgres"": ""running""}",1,desktop-control-plane,True,"{""desktop-control-plane"": true}"
2026-09-09T21:14:54.371Z,prometheus-59f5cf7468-qk6t6,prometheus,Running,True,1,1,0,"{""prometheus"": 0}","{""prometheus"": ""running""}",1,desktop-control-plane,True,"{""desktop-control-plane"": true}"
2026-09-09T21:14:54.371Z,rabbitmq-5cdf8f76b7-ftmdd,rabbitmq,Running,True,1,1,0,"{""rabbitmq"": 0}","{""rabbitmq"": ""running""}",1,desktop-control-plane,True,"{""desktop-control-plane"": true}"
2026-09-09T21:14:54.371Z,worker-56d7bdf6b4-8hz8f,worker,Running,True,1,1,0,"{""worker"": 0}","{""worker"": ""running""}",1,desktop-control-plane,True,"{""desktop-control-plane"": true}"
2026-09-09T21:14:59.371Z,api-6b9869b78-28xn9,api,Running,True,1,1,5,"{""api"": 5}","{""api"": ""running""}",1,desktop-control-plane,True,"{""desktop-control-plane"": true}"
2026-09-09T21:14:59.371Z,jaeger-7cc9b664cc-6bwgk,jaeger,Running,True,1,1,0,"{""jaeger"": 0}","{""jaeger"": ""running""}",1,desktop-control-plane,True,"{""desktop-control-plane"": true}"
2026-09-09T21:14:59.371Z,otel-collector-7c765745bf-x2wsq,otel-collector,Running,True,1,1,0,"{""otel-collector"": 0}","{""otel-collector"": ""running""}",1,desktop-control-plane,True,"{""desktop-control-plane"": true}"
2026-09-09T21:14:59.371Z,postgres-676cc4986c-8r7v5,postgres,Running,True,1,1,0,"{""postgres"": 0}","{""postgres"": ""running""}",1,desktop-control-plane,True,"{""desktop-control-plane"": true}"
2026-09-09T21:14:59.371Z,prometheus-59f5cf7468-qk6t6,prometheus,Running,True,1,1,0,"{""prometheus"": 0}","{""prometheus"": ""running""}",1,desktop-control-plane,True,"{""desktop-control-plane"": true}"
2026-09-09T21:14:59.371Z,rabbitmq-5cdf8f76b7-ftmdd,rabbitmq,Running,True,1,1,0,"{""rabbitmq"": 0}","{""rabbitmq"": ""running""}",1,desktop-control-plane,True,"{""desktop-control-plane"": true}"
2026-09-09T21:14:59.371Z,worker-56d7bdf6b4-8hz8f,worker,Running,True,1,1,0,"{""worker"": 0}","{""worker"": ""running""}",1,desktop-control-plane,True,"{""desktop-control-plane"": true}"
2026-09-09T21:15:04.372Z,api-6b9869b78-28xn9,api,Running,True,1,1,5,"{""api"": 5}","{""api"": ""running""}",1,desktop-control-plane,True,"{""desktop-control-plane"": true}"
2026-09-09T21:15:04.372Z,jaeger-7cc9b664cc-6bwgk,jaeger,Running,True,1,1,0,"{""jaeger"": 0}","{""jaeger"": ""running""}",1,desktop-control-plane,True,"{""desktop-control-plane"": true}"
2026-09-09T21:15:04.372Z,otel-collector-7c765745bf-x2wsq,otel-collector,Running,True,1,1,0,"{""otel-collector"": 0}","{""otel-collector"": ""running""}",1,desktop-control-plane,True,"{""desktop-control-plane"": true}"
2026-09-09T21:15:04.372Z,postgres-676cc4986c-8r7v5,postgres,Running,True,1,1,0,"{""postgres"": 0}","{""postgres"": ""running""}",1,desktop-control-plane,True,"{""desktop-control-plane"": true}"
2026-09-09T21:15:04.372Z,prometheus-59f5cf7468-qk6t6,prometheus,Running,True,1,1,0,"{""prometheus"": 0}","{""prometheus"": ""running""}",1,desktop-control-plane,True,"{""desktop-control-plane"": true}"
2026-09-09T21:15:04.372Z,rabbitmq-5cdf8f76b7-ftmdd,rabbitmq,Running,True,1,1,0,"{""rabbitmq"": 0}","{""rabbitmq"": ""running""}",1,desktop-control-plane,True,"{""desktop-control-plane"": true}"
2026-09-09T21:15:04.372Z,worker-56d7bdf6b4-8hz8f,worker,Running,True,1,1,0,"{""worker"": 0}","{""worker"": ""running""}",1,desktop-control-plane,True,"{""desktop-control-plane"": true}"
2026-09-09T21:15:09.372Z,api-6b9869b78-28xn9,api,Running,True,1,1,5,"{""api"": 5}","{""api"": ""running""}",1,desktop-control-plane,True,"{""desktop-control-plane"": true}"
2026-09-09T21:15:09.372Z,jaeger-7cc9b664cc-6bwgk,jaeger,Running,True,1,1,0,"{""jaeger"": 0}","{""jaeger"": ""running""}",1,desktop-control-plane,True,"{""desktop-control-plane"": true}"
2026-09-09T21:15:09.372Z,k6-c1-run-1-22rps-ffkqm,k6,Pending,False,0,0,0,{},{},1,,True,"{""desktop-control-plane"": true}"
2026-09-09T21:15:09.372Z,otel-collector-7c765745bf-x2wsq,otel-collector,Running,True,1,1,0,"{""otel-collector"": 0}","{""otel-collector"": ""running""}",1,desktop-control-plane,True,"{""desktop-control-plane"": true}"
2026-09-09T21:15:09.372Z,postgres-676cc4986c-8r7v5,postgres,Running,True,1,1,0,"{""postgres"": 0}","{""postgres"": ""running""}",1,desktop-control-plane,True,"{""desktop-control-plane"": true}"
2026-09-09T21:15:09.372Z,prometheus-59f5cf7468-qk6t6,prometheus,Running,True,1,1,0,"{""prometheus"": 0}","{""prometheus"": ""running""}",1,desktop-control-plane,True,"{""desktop-control-plane"": true}"
2026-09-09T21:15:09.372Z,rabbitmq-5cdf8f76b7-ftmdd,rabbitmq,Running,True,1,1,0,"{""rabbitmq"": 0}","{""rabbitmq"": ""running""}",1,desktop-control-plane,True,"{""desktop-control-plane"": true}"
2026-09-09T21:15:09.372Z,worker-56d7bdf6b4-8hz8f,worker,Running,True,1,1,0,"{""worker"": 0}","{""worker"": ""running""}",1,desktop-control-plane,True,"{""desktop-control-plane"": true}"
2026-09-09T21:15:14.372Z,api-6b9869b78-28xn9,api,Running,True,1,1,5,"{""api"": 5}","{""api"": ""running""}",1,desktop-control-plane,True,"{""desktop-control-plane"": true}"
2026-09-09T21:15:14.372Z,jaeger-7cc9b664cc-6bwgk,jaeger,Running,True,1,1,0,"{""jaeger"": 0}","{""jaeger"": ""running""}",1,desktop-control-plane,True,"{""desktop-control-plane"": true}"
2026-09-09T21:15:14.372Z,k6-c1-run-1-22rps-ffkqm,k6,Running,True,1,1,0,"{""k6"": 0}","{""k6"": ""running""}",1,desktop-control-plane,True,"{""desktop-control-plane"": true}"
2026-09-09T21:15:14.372Z,otel-collector-7c765745bf-x2wsq,otel-collector,Running,True,1,1,0,"{""otel-collector"": 0}","{""otel-collector"": ""running""}",1,desktop-control-plane,True,"{""desktop-control-plane"": true}"
2026-09-09T21:15:14.372Z,postgres-676cc4986c-8r7v5,postgres,Running,True,1,1,0,"{""postgres"": 0}","{""postgres"": ""running""}",1,desktop-control-plane,True,"{""desktop-control-plane"": true}"
2026-09-09T21:15:14.372Z,prometheus-59f5cf7468-qk6t6,prometheus,Running,True,1,1,0,"{""prometheus"": 0}","{""prometheus"": ""running""}",1,desktop-control-plane,True,"{""desktop-control-plane"": true}"
2026-09-09T21:15:14.372Z,rabbitmq-5cdf8f76b7-ftmdd,rabbitmq,Running,True,1,1,0,"{""rabbitmq"": 0}","{""rabbitmq"": ""running""}",1,desktop-control-plane,True,"{""desktop-control-plane"": true}"
2026-09-09T21:15:14.372Z,worker-56d7bdf6b4-8hz8f,worker,Running,True,1,1,0,"{""worker"": 0}","{""worker"": ""running""}",1,desktop-control-plane,True,"{""desktop-control-plane"": true}"
2026-09-09T21:15:19.373Z,api-6b9869b78-28xn9,api,Running,True,1,1,5,"{""api"": 5}","{""api"": ""running""}",1,desktop-control-plane,True,"{""desktop-control-plane"": true}"
2026-09-09T21:15:19.373Z,jaeger-7cc9b664cc-6bwgk,jaeger,Running,True,1,1,0,"{""jaeger"": 0}","{""jaeger"": ""running""}",1,desktop-control-plane,True,"{""desktop-control-plane"": true}"
2026-09-09T21:15:19.373Z,k6-c1-run-1-22rps-ffkqm,k6,Running,True,1,1,0,"{""k6"": 0}","{""k6"": ""running""}",1,desktop-control-plane,True,"{""desktop-control-plane"": true}"
2026-09-09T21:15:19.373Z,otel-collector-7c765745bf-x2wsq,otel-collector,Running,True,1,1,0,"{""otel-collector"": 0}","{""otel-collector"": ""running""}",1,desktop-control-plane,True,"{""desktop-control-plane"": true}"
2026-09-09T21:15:19.373Z,postgres-676cc4986c-8r7v5,postgres,Running,True,1,1,0,"{""postgres"": 0}","{""postgres"": ""running""}",1,desktop-control-plane,True,"{""desktop-control-plane"": true}"
2026-09-09T21:15:19.373Z,prometheus-59f5cf7468-qk6t6,prometheus,Running,True,1,1,0,"{""prometheus"": 0}","{""prometheus"": ""running""}",1,desktop-control-plane,True,"{""desktop-control-plane"": true}"
2026-09-09T21:15:19.373Z,rabbitmq-5cdf8f76b7-ftmdd,rabbitmq,Running,True,1,1,0,"{""rabbitmq"": 0}","{""rabbitmq"": ""running""}",1,desktop-control-plane,True,"{""desktop-control-plane"": true}"
2026-09-09T21:15:19.373Z,worker-56d7bdf6b4-8hz8f,worker,Running,True,1,1,0,"{""worker"": 0}","{""worker"": ""running""}",1,desktop-control-plane,True,"{""desktop-control-plane"": true}"
2026-09-09T21:15:24.373Z,api-6b9869b78-28xn9,api,Running,True,1,1,5,"{""api"": 5}","{""api"": ""running""}",1,desktop-control-plane,True,"{""desktop-control-plane"": true}"
2026-09-09T21:15:24.373Z,jaeger-7cc9b664cc-6bwgk,jaeger,Running,True,1,1,0,"{""jaeger"": 0}","{""jaeger"": ""running""}",1,desktop-control-plane,True,"{""desktop-control-plane"": true}"
2026-09-09T21:15:24.373Z,k6-c1-run-1-22rps-ffkqm,k6,Running,True,1,1,0,"{""k6"": 0}","{""k6"": ""running""}",1,desktop-control-plane,True,"{""desktop-control-plane"": true}"
2026-09-09T21:15:24.373Z,otel-collector-7c765745bf-x2wsq,otel-collector,Running,True,1,1,0,"{""otel-collector"": 0}","{""otel-collector"": ""running""}",1,desktop-control-plane,True,"{""desktop-control-plane"": true}"
2026-09-09T21:15:24.373Z,postgres-676cc4986c-8r7v5,postgres,Running,True,1,1,0,"{""postgres"": 0}","{""postgres"": ""running""}",1,desktop-control-plane,True,"{""desktop-control-plane"": true}"
2026-09-09T21:15:24.373Z,prometheus-59f5cf7468-qk6t6,prometheus,Running,True,1,1,0,"{""prometheus"": 0}","{""prometheus"": ""running""}",1,desktop-control-plane,True,"{""desktop-control-plane"": true}"
2026-09-09T21:15:24.373Z,rabbitmq-5cdf8f76b7-ftmdd,rabbitmq,Running,True,1,1,0,"{""rabbitmq"": 0}","{""rabbitmq"": ""running""}",1,desktop-control-plane,True,"{""desktop-control-plane"": true}"
2026-09-09T21:15:24.373Z,worker-56d7bdf6b4-8hz8f,worker,Running,True,1,1,0,"{""worker"": 0}","{""worker"": ""running""}",1,desktop-control-plane,True,"{""desktop-control-plane"": true}"
2026-09-09T21:15:29.374Z,api-6b9869b78-28xn9,api,Running,True,1,1,5,"{""api"": 5}","{""api"": ""running""}",1,desktop-control-plane,True,"{""desktop-control-plane"": true}"
2026-09-09T21:15:29.374Z,jaeger-7cc9b664cc-6bwgk,jaeger,Running,True,1,1,0,"{""jaeger"": 0}","{""jaeger"": ""running""}",1,desktop-control-plane,True,"{""desktop-control-plane"": true}"
2026-09-09T21:15:29.374Z,k6-c1-run-1-22rps-ffkqm,k6,Running,True,1,1,0,"{""k6"": 0}","{""k6"": ""running""}",1,desktop-control-plane,True,"{""desktop-control-plane"": true}"
2026-09-09T21:15:29.374Z,otel-collector-7c765745bf-x2wsq,otel-collector,Running,True,1,1,0,"{""otel-collector"": 0}","{""otel-collector"": ""running""}",1,desktop-control-plane,True,"{""desktop-control-plane"": true}"
2026-09-09T21:15:29.374Z,postgres-676cc4986c-8r7v5,postgres,Running,True,1,1,0,"{""postgres"": 0}","{""postgres"": ""running""}",1,desktop-control-plane,True,"{""desktop-control-plane"": true}"
2026-09-09T21:15:29.374Z,prometheus-59f5cf7468-qk6t6,prometheus,Running,True,1,1,0,"{""prometheus"": 0}","{""prometheus"": ""running""}",1,desktop-control-plane,True,"{""desktop-control-plane"": true}"
2026-09-09T21:15:29.374Z,rabbitmq-5cdf8f76b7-ftmdd,rabbitmq,Running,True,1,1,0,"{""rabbitmq"": 0}","{""rabbitmq"": ""running""}",1,desktop-control-plane,True,"{""desktop-control-plane"": true}"
2026-09-09T21:15:29.374Z,worker-56d7bdf6b4-8hz8f,worker,Running,True,1,1,0,"{""worker"": 0}","{""worker"": ""running""}",1,desktop-control-plane,True,"{""desktop-control-plane"": true}"
2026-09-09T21:15:34.374Z,api-6b9869b78-28xn9,api,Running,True,1,1,5,"{""api"": 5}","{""api"": ""running""}",1,desktop-control-plane,True,"{""desktop-control-plane"": true}"
2026-09-09T21:15:34.374Z,jaeger-7cc9b664cc-6bwgk,jaeger,Running,True,1,1,0,"{""jaeger"": 0}","{""jaeger"": ""running""}",1,desktop-control-plane,True,"{""desktop-control-plane"": true}"
2026-09-09T21:15:34.374Z,k6-c1-run-1-22rps-ffkqm,k6,Running,True,1,1,0,"{""k6"": 0}","{""k6"": ""running""}",1,desktop-control-plane,True,"{""desktop-control-plane"": true}"
2026-09-09T21:15:34.374Z,otel-collector-7c765745bf-x2wsq,otel-collector,Running,True,1,1,0,"{""otel-collector"": 0}","{""otel-collector"": ""running""}",1,desktop-control-plane,True,"{""desktop-control-plane"": true}"
2026-09-09T21:15:34.374Z,postgres-676cc4986c-8r7v5,postgres,Running,True,1,1,0,"{""postgres"": 0}","{""postgres"": ""running""}",1,desktop-control-plane,True,"{""desktop-control-plane"": true}"
2026-09-09T21:15:34.374Z,prometheus-59f5cf7468-qk6t6,prometheus,Running,True,1,1,0,"{""prometheus"": 0}","{""prometheus"": ""running""}",1,desktop-control-plane,True,"{""desktop-control-plane"": true}"
2026-09-09T21:15:34.374Z,rabbitmq-5cdf8f76b7-ftmdd,rabbitmq,Running,True,1,1,0,"{""rabbitmq"": 0}","{""rabbitmq"": ""running""}",1,desktop-control-plane,True,"{""desktop-control-plane"": true}"
2026-09-09T21:15:34.374Z,worker-56d7bdf6b4-8hz8f,worker,Running,True,1,1,0,"{""worker"": 0}","{""worker"": ""running""}",1,desktop-control-plane,True,"{""desktop-control-plane"": true}"
2026-09-09T21:15:39.375Z,api-6b9869b78-28xn9,api,Running,True,1,1,5,"{""api"": 5}","{""api"": ""running""}",1,desktop-control-plane,True,"{""desktop-control-plane"": true}"
2026-09-09T21:15:39.375Z,jaeger-7cc9b664cc-6bwgk,jaeger,Running,True,1,1,0,"{""jaeger"": 0}","{""jaeger"": ""running""}",1,desktop-control-plane,True,"{""desktop-control-plane"": true}"
2026-09-09T21:15:39.375Z,k6-c1-run-1-22rps-ffkqm,k6,Running,True,1,1,0,"{""k6"": 0}","{""k6"": ""running""}",1,desktop-control-plane,True,"{""desktop-control-plane"": true}"
2026-09-09T21:15:39.375Z,otel-collector-7c765745bf-x2wsq,otel-collector,Running,True,1,1,0,"{""otel-collector"": 0}","{""otel-collector"": ""running""}",1,desktop-control-plane,True,"{""desktop-control-plane"": true}"
2026-09-09T21:15:39.375Z,postgres-676cc4986c-8r7v5,postgres,Running,True,1,1,0,"{""postgres"": 0}","{""postgres"": ""running""}",1,desktop-control-plane,True,"{""desktop-control-plane"": true}"
2026-09-09T21:15:39.375Z,prometheus-59f5cf7468-qk6t6,prometheus,Running,True,1,1,0,"{""prometheus"": 0}","{""prometheus"": ""running""}",1,desktop-control-plane,True,"{""desktop-control-plane"": true}"
2026-09-09T21:15:39.375Z,rabbitmq-5cdf8f76b7-ftmdd,rabbitmq,Running,True,1,1,0,"{""rabbitmq"": 0}","{""rabbitmq"": ""running""}",1,desktop-control-plane,True,"{""desktop-control-plane"": true}"
2026-09-09T21:15:39.375Z,worker-56d7bdf6b4-8hz8f,worker,Running,True,1,1,0,"{""worker"": 0}","{""worker"": ""running""}",1,desktop-control-plane,True,"{""desktop-control-plane"": true}"
2026-09-09T21:15:44.375Z,api-6b9869b78-28xn9,api,Running,True,1,1,5,"{""api"": 5}","{""api"": ""running""}",1,desktop-control-plane,True,"{""desktop-control-plane"": true}"
2026-09-09T21:15:44.375Z,jaeger-7cc9b664cc-6bwgk,jaeger,Running,True,1,1,0,"{""jaeger"": 0}","{""jaeger"": ""running""}",1,desktop-control-plane,True,"{""desktop-control-plane"": true}"
2026-09-09T21:15:44.375Z,k6-c1-run-1-22rps-ffkqm,k6,Running,True,1,1,0,"{""k6"": 0}","{""k6"": ""running""}",1,desktop-control-plane,True,"{""desktop-control-plane"": true}"
2026-09-09T21:15:44.375Z,otel-collector-7c765745bf-x2wsq,otel-collector,Running,True,1,1,0,"{""otel-collector"": 0}","{""otel-collector"": ""running""}",1,desktop-control-plane,True,"{""desktop-control-plane"": true}"
2026-09-09T21:15:44.375Z,postgres-676cc4986c-8r7v5,postgres,Running,True,1,1,0,"{""postgres"": 0}","{""postgres"": ""running""}",1,desktop-control-plane,True,"{""desktop-control-plane"": true}"
2026-09-09T21:15:44.375Z,prometheus-59f5cf7468-qk6t6,prometheus,Running,True,1,1,0,"{""prometheus"": 0}","{""prometheus"": ""running""}",1,desktop-control-plane,True,"{""desktop-control-plane"": true}"
2026-09-09T21:15:44.375Z,rabbitmq-5cdf8f76b7-ftmdd,rabbitmq,Running,True,1,1,0,"{""rabbitmq"": 0}","{""rabbitmq"": ""running""}",1,desktop-control-plane,True,"{""desktop-control-plane"": true}"
2026-09-09T21:15:44.375Z,worker-56d7bdf6b4-8hz8f,worker,Running,True,1,1,0,"{""worker"": 0}","{""worker"": ""running""}",1,desktop-control-plane,True,"{""desktop-control-plane"": true}"
2026-09-09T21:15:49.375Z,api-6b9869b78-28xn9,api,Running,True,1,1,5,"{""api"": 5}","{""api"": ""running""}",1,desktop-control-plane,True,"{""desktop-control-plane"": true}"
2026-09-09T21:15:49.375Z,jaeger-7cc9b664cc-6bwgk,jaeger,Running,True,1,1,0,"{""jaeger"": 0}","{""jaeger"": ""running""}",1,desktop-control-plane,True,"{""desktop-control-plane"": true}"
2026-09-09T21:15:49.375Z,k6-c1-run-1-22rps-ffkqm,k6,Running,True,1,1,0,"{""k6"": 0}","{""k6"": ""running""}",1,desktop-control-plane,True,"{""desktop-control-plane"": true}"
2026-09-09T21:15:49.375Z,otel-collector-7c765745bf-x2wsq,otel-collector,Running,True,1,1,0,"{""otel-collector"": 0}","{""otel-collector"": ""running""}",1,desktop-control-plane,True,"{""desktop-control-plane"": true}"
2026-09-09T21:15:49.375Z,postgres-676cc4986c-8r7v5,postgres,Running,True,1,1,0,"{""postgres"": 0}","{""postgres"": ""running""}",1,desktop-control-plane,True,"{""desktop-control-plane"": true}"
2026-09-09T21:15:49.375Z,prometheus-59f5cf7468-qk6t6,prometheus,Running,True,1,1,0,"{""prometheus"": 0}","{""prometheus"": ""running""}",1,desktop-control-plane,True,"{""desktop-control-plane"": true}"
2026-09-09T21:15:49.375Z,rabbitmq-5cdf8f76b7-ftmdd,rabbitmq,Running,True,1,1,0,"{""rabbitmq"": 0}","{""rabbitmq"": ""running""}",1,desktop-control-plane,True,"{""desktop-control-plane"": true}"
2026-09-09T21:15:49.375Z,worker-56d7bdf6b4-8hz8f,worker,Running,True,1,1,0,"{""worker"": 0}","{""worker"": ""running""}",1,desktop-control-plane,True,"{""desktop-control-plane"": true}"
2026-09-09T21:15:54.376Z,api-6b9869b78-28xn9,api,Running,True,1,1,5,"{""api"": 5}","{""api"": ""running""}",1,desktop-control-plane,True,"{""desktop-control-plane"": true}"
2026-09-09T21:15:54.376Z,jaeger-7cc9b664cc-6bwgk,jaeger,Running,True,1,1,0,"{""jaeger"": 0}","{""jaeger"": ""running""}",1,desktop-control-plane,True,"{""desktop-control-plane"": true}"
2026-09-09T21:15:54.376Z,k6-c1-run-1-22rps-ffkqm,k6,Running,True,1,1,0,"{""k6"": 0}","{""k6"": ""running""}",1,desktop-control-plane,True,"{""desktop-control-plane"": true}"
2026-09-09T21:15:54.376Z,otel-collector-7c765745bf-x2wsq,otel-collector,Running,True,1,1,0,"{""otel-collector"": 0}","{""otel-collector"": ""running""}",1,desktop-control-plane,True,"{""desktop-control-plane"": true}"
2026-09-09T21:15:54.376Z,postgres-676cc4986c-8r7v5,postgres,Running,True,1,1,0,"{""postgres"": 0}","{""postgres"": ""running""}",1,desktop-control-plane,True,"{""desktop-control-plane"": true}"
2026-09-09T21:15:54.376Z,prometheus-59f5cf7468-qk6t6,prometheus,Running,True,1,1,0,"{""prometheus"": 0}","{""prometheus"": ""running""}",1,desktop-control-plane,True,"{""desktop-control-plane"": true}"
2026-09-09T21:15:54.376Z,rabbitmq-5cdf8f76b7-ftmdd,rabbitmq,Running,True,1,1,0,"{""rabbitmq"": 0}","{""rabbitmq"": ""running""}",1,desktop-control-plane,True,"{""desktop-control-plane"": true}"
2026-09-09T21:15:54.376Z,worker-56d7bdf6b4-8hz8f,worker,Running,True,1,1,0,"{""worker"": 0}","{""worker"": ""running""}",1,desktop-control-plane,True,"{""desktop-control-plane"": true}"
2026-09-09T21:15:59.376Z,api-6b9869b78-28xn9,api,Running,True,1,1,5,"{""api"": 5}","{""api"": ""running""}",1,desktop-control-plane,True,"{""desktop-control-plane"": true}"
2026-09-09T21:15:59.376Z,jaeger-7cc9b664cc-6bwgk,jaeger,Running,True,1,1,0,"{""jaeger"": 0}","{""jaeger"": ""running""}",1,desktop-control-plane,True,"{""desktop-control-plane"": true}"
2026-09-09T21:15:59.376Z,k6-c1-run-1-22rps-ffkqm,k6,Running,True,1,1,0,"{""k6"": 0}","{""k6"": ""running""}",1,desktop-control-plane,True,"{""desktop-control-plane"": true}"
2026-09-09T21:15:59.376Z,otel-collector-7c765745bf-x2wsq,otel-collector,Running,True,1,1,0,"{""otel-collector"": 0}","{""otel-collector"": ""running""}",1,desktop-control-plane,True,"{""desktop-control-plane"": true}"
2026-09-09T21:15:59.376Z,postgres-676cc4986c-8r7v5,postgres,Running,True,1,1,0,"{""postgres"": 0}","{""postgres"": ""running""}",1,desktop-control-plane,True,"{""desktop-control-plane"": true}"
2026-09-09T21:15:59.376Z,prometheus-59f5cf7468-qk6t6,prometheus,Running,True,1,1,0,"{""prometheus"": 0}","{""prometheus"": ""running""}",1,desktop-control-plane,True,"{""desktop-control-plane"": true}"
2026-09-09T21:15:59.376Z,rabbitmq-5cdf8f76b7-ftmdd,rabbitmq,Running,True,1,1,0,"{""rabbitmq"": 0}","{""rabbitmq"": ""running""}",1,desktop-control-plane,True,"{""desktop-control-plane"": true}"
2026-09-09T21:15:59.376Z,worker-56d7bdf6b4-8hz8f,worker,Running,True,1,1,0,"{""worker"": 0}","{""worker"": ""running""}",1,desktop-control-plane,True,"{""desktop-control-plane"": true}"
2026-09-09T21:16:04.376Z,api-6b9869b78-28xn9,api,Running,True,1,1,5,"{""api"": 5}","{""api"": ""running""}",1,desktop-control-plane,True,"{""desktop-control-plane"": true}"
2026-09-09T21:16:04.376Z,jaeger-7cc9b664cc-6bwgk,jaeger,Running,True,1,1,0,"{""jaeger"": 0}","{""jaeger"": ""running""}",1,desktop-control-plane,True,"{""desktop-control-plane"": true}"
2026-09-09T21:16:04.376Z,k6-c1-run-1-22rps-ffkqm,k6,Running,True,1,1,0,"{""k6"": 0}","{""k6"": ""running""}",1,desktop-control-plane,True,"{""desktop-control-plane"": true}"
2026-09-09T21:16:04.376Z,otel-collector-7c765745bf-x2wsq,otel-collector,Running,True,1,1,0,"{""otel-collector"": 0}","{""otel-collector"": ""running""}",1,desktop-control-plane,True,"{""desktop-control-plane"": true}"
2026-09-09T21:16:04.376Z,postgres-676cc4986c-8r7v5,postgres,Running,True,1,1,0,"{""postgres"": 0}","{""postgres"": ""running""}",1,desktop-control-plane,True,"{""desktop-control-plane"": true}"
2026-09-09T21:16:04.376Z,prometheus-59f5cf7468-qk6t6,prometheus,Running,True,1,1,0,"{""prometheus"": 0}","{""prometheus"": ""running""}",1,desktop-control-plane,True,"{""desktop-control-plane"": true}"
2026-09-09T21:16:04.376Z,rabbitmq-5cdf8f76b7-ftmdd,rabbitmq,Running,True,1,1,0,"{""rabbitmq"": 0}","{""rabbitmq"": ""running""}",1,desktop-control-plane,True,"{""desktop-control-plane"": true}"
2026-09-09T21:16:04.376Z,worker-56d7bdf6b4-8hz8f,worker,Running,True,1,1,0,"{""worker"": 0}","{""worker"": ""running""}",1,desktop-control-plane,True,"{""desktop-control-plane"": true}"
2026-09-09T21:16:09.377Z,api-6b9869b78-28xn9,api,Running,True,1,1,5,"{""api"": 5}","{""api"": ""running""}",1,desktop-control-plane,True,"{""desktop-control-plane"": true}"
2026-09-09T21:16:09.377Z,jaeger-7cc9b664cc-6bwgk,jaeger,Running,True,1,1,0,"{""jaeger"": 0}","{""jaeger"": ""running""}",1,desktop-control-plane,True,"{""desktop-control-plane"": true}"
2026-09-09T21:16:09.377Z,k6-c1-run-1-22rps-ffkqm,k6,Running,True,1,1,0,"{""k6"": 0}","{""k6"": ""running""}",1,desktop-control-plane,True,"{""desktop-control-plane"": true}"
2026-09-09T21:16:09.377Z,otel-collector-7c765745bf-x2wsq,otel-collector,Running,True,1,1,0,"{""otel-collector"": 0}","{""otel-collector"": ""running""}",1,desktop-control-plane,True,"{""desktop-control-plane"": true}"
2026-09-09T21:16:09.377Z,postgres-676cc4986c-8r7v5,postgres,Running,True,1,1,0,"{""postgres"": 0}","{""postgres"": ""running""}",1,desktop-control-plane,True,"{""desktop-control-plane"": true}"
2026-09-09T21:16:09.377Z,prometheus-59f5cf7468-qk6t6,prometheus,Running,True,1,1,0,"{""prometheus"": 0}","{""prometheus"": ""running""}",1,desktop-control-plane,True,"{""desktop-control-plane"": true}"
2026-09-09T21:16:09.377Z,rabbitmq-5cdf8f76b7-ftmdd,rabbitmq,Running,True,1,1,0,"{""rabbitmq"": 0}","{""rabbitmq"": ""running""}",1,desktop-control-plane,True,"{""desktop-control-plane"": true}"
2026-09-09T21:16:09.377Z,worker-56d7bdf6b4-8hz8f,worker,Running,True,1,1,0,"{""worker"": 0}","{""worker"": ""running""}",1,desktop-control-plane,True,"{""desktop-control-plane"": true}"
2026-09-09T21:16:14.377Z,api-6b9869b78-28xn9,api,Running,False,0,1,5,"{""api"": 5}","{""api"": ""running""}",1,desktop-control-plane,True,"{""desktop-control-plane"": true}"
2026-09-09T21:16:14.377Z,jaeger-7cc9b664cc-6bwgk,jaeger,Running,True,1,1,0,"{""jaeger"": 0}","{""jaeger"": ""running""}",1,desktop-control-plane,True,"{""desktop-control-plane"": true}"
2026-09-09T21:16:14.377Z,k6-c1-run-1-22rps-ffkqm,k6,Running,True,1,1,0,"{""k6"": 0}","{""k6"": ""running""}",1,desktop-control-plane,True,"{""desktop-control-plane"": true}"
2026-09-09T21:16:14.377Z,otel-collector-7c765745bf-x2wsq,otel-collector,Running,True,1,1,0,"{""otel-collector"": 0}","{""otel-collector"": ""running""}",1,desktop-control-plane,True,"{""desktop-control-plane"": true}"
2026-09-09T21:16:14.377Z,postgres-676cc4986c-8r7v5,postgres,Running,True,1,1,0,"{""postgres"": 0}","{""postgres"": ""running""}",1,desktop-control-plane,True,"{""desktop-control-plane"": true}"
2026-09-09T21:16:14.377Z,prometheus-59f5cf7468-qk6t6,prometheus,Running,True,1,1,0,"{""prometheus"": 0}","{""prometheus"": ""running""}",1,desktop-control-plane,True,"{""desktop-control-plane"": true}"
2026-09-09T21:16:14.377Z,rabbitmq-5cdf8f76b7-ftmdd,rabbitmq,Running,True,1,1,0,"{""rabbitmq"": 0}","{""rabbitmq"": ""running""}",1,desktop-control-plane,True,"{""desktop-control-plane"": true}"
2026-09-09T21:16:14.377Z,worker-56d7bdf6b4-8hz8f,worker,Running,True,1,1,0,"{""worker"": 0}","{""worker"": ""running""}",1,desktop-control-plane,True,"{""desktop-control-plane"": true}"
2026-09-09T21:16:19.377Z,api-6b9869b78-28xn9,api,Running,False,0,1,5,"{""api"": 5}","{""api"": ""running""}",1,desktop-control-plane,True,"{""desktop-control-plane"": true}"
2026-09-09T21:16:19.377Z,jaeger-7cc9b664cc-6bwgk,jaeger,Running,True,1,1,0,"{""jaeger"": 0}","{""jaeger"": ""running""}",1,desktop-control-plane,True,"{""desktop-control-plane"": true}"
2026-09-09T21:16:19.377Z,k6-c1-run-1-22rps-ffkqm,k6,Running,True,1,1,0,"{""k6"": 0}","{""k6"": ""running""}",1,desktop-control-plane,True,"{""desktop-control-plane"": true}"
2026-09-09T21:16:19.377Z,otel-collector-7c765745bf-x2wsq,otel-collector,Running,True,1,1,0,"{""otel-collector"": 0}","{""otel-collector"": ""running""}",1,desktop-control-plane,True,"{""desktop-control-plane"": true}"
2026-09-09T21:16:19.377Z,postgres-676cc4986c-8r7v5,postgres,Running,True,1,1,0,"{""postgres"": 0}","{""postgres"": ""running""}",1,desktop-control-plane,True,"{""desktop-control-plane"": true}"
2026-09-09T21:16:19.377Z,prometheus-59f5cf7468-qk6t6,prometheus,Running,True,1,1,0,"{""prometheus"": 0}","{""prometheus"": ""running""}",1,desktop-control-plane,True,"{""desktop-control-plane"": true}"
2026-09-09T21:16:19.377Z,rabbitmq-5cdf8f76b7-ftmdd,rabbitmq,Running,True,1,1,0,"{""rabbitmq"": 0}","{""rabbitmq"": ""running""}",1,desktop-control-plane,True,"{""desktop-control-plane"": true}"
2026-09-09T21:16:19.377Z,worker-56d7bdf6b4-8hz8f,worker,Running,True,1,1,0,"{""worker"": 0}","{""worker"": ""running""}",1,desktop-control-plane,True,"{""desktop-control-plane"": true}"
2026-09-09T21:16:24.378Z,api-6b9869b78-28xn9,api,Running,False,0,1,5,"{""api"": 5}","{""api"": ""running""}",1,desktop-control-plane,True,"{""desktop-control-plane"": true}"
2026-09-09T21:16:24.378Z,jaeger-7cc9b664cc-6bwgk,jaeger,Running,True,1,1,0,"{""jaeger"": 0}","{""jaeger"": ""running""}",1,desktop-control-plane,True,"{""desktop-control-plane"": true}"
2026-09-09T21:16:24.378Z,k6-c1-run-1-22rps-ffkqm,k6,Running,True,1,1,0,"{""k6"": 0}","{""k6"": ""running""}",1,desktop-control-plane,True,"{""desktop-control-plane"": true}"
2026-09-09T21:16:24.378Z,otel-collector-7c765745bf-x2wsq,otel-collector,Running,True,1,1,0,"{""otel-collector"": 0}","{""otel-collector"": ""running""}",1,desktop-control-plane,True,"{""desktop-control-plane"": true}"
2026-09-09T21:16:24.378Z,postgres-676cc4986c-8r7v5,postgres,Running,True,1,1,0,"{""postgres"": 0}","{""postgres"": ""running""}",1,desktop-control-plane,True,"{""desktop-control-plane"": true}"
2026-09-09T21:16:24.378Z,prometheus-59f5cf7468-qk6t6,prometheus,Running,True,1,1,0,"{""prometheus"": 0}","{""prometheus"": ""running""}",1,desktop-control-plane,True,"{""desktop-control-plane"": true}"
2026-09-09T21:16:24.378Z,rabbitmq-5cdf8f76b7-ftmdd,rabbitmq,Running,True,1,1,0,"{""rabbitmq"": 0}","{""rabbitmq"": ""running""}",1,desktop-control-plane,True,"{""desktop-control-plane"": true}"
2026-09-09T21:16:24.378Z,worker-56d7bdf6b4-8hz8f,worker,Running,True,1,1,0,"{""worker"": 0}","{""worker"": ""running""}",1,desktop-control-plane,True,"{""desktop-control-plane"": true}"
2026-09-09T21:16:29.378Z,api-6b9869b78-28xn9,api,Running,False,0,1,5,"{""api"": 5}","{""api"": ""running""}",1,desktop-control-plane,True,"{""desktop-control-plane"": true}"
2026-09-09T21:16:29.378Z,jaeger-7cc9b664cc-6bwgk,jaeger,Running,True,1,1,0,"{""jaeger"": 0}","{""jaeger"": ""running""}",1,desktop-control-plane,True,"{""desktop-control-plane"": true}"
2026-09-09T21:16:29.378Z,k6-c1-run-1-22rps-ffkqm,k6,Running,True,1,1,0,"{""k6"": 0}","{""k6"": ""running""}",1,desktop-control-plane,True,"{""desktop-control-plane"": true}"
2026-09-09T21:16:29.378Z,otel-collector-7c765745bf-x2wsq,otel-collector,Running,True,1,1,0,"{""otel-collector"": 0}","{""otel-collector"": ""running""}",1,desktop-control-plane,True,"{""desktop-control-plane"": true}"
2026-09-09T21:16:29.378Z,postgres-676cc4986c-8r7v5,postgres,Running,True,1,1,0,"{""postgres"": 0}","{""postgres"": ""running""}",1,desktop-control-plane,True,"{""desktop-control-plane"": true}"
2026-09-09T21:16:29.378Z,prometheus-59f5cf7468-qk6t6,prometheus,Running,True,1,1,0,"{""prometheus"": 0}","{""prometheus"": ""running""}",1,desktop-control-plane,True,"{""desktop-control-plane"": true}"
2026-09-09T21:16:29.378Z,rabbitmq-5cdf8f76b7-ftmdd,rabbitmq,Running,True,1,1,0,"{""rabbitmq"": 0}","{""rabbitmq"": ""running""}",1,desktop-control-plane,True,"{""desktop-control-plane"": true}"
2026-09-09T21:16:29.378Z,worker-56d7bdf6b4-8hz8f,worker,Running,True,1,1,0,"{""worker"": 0}","{""worker"": ""running""}",1,desktop-control-plane,True,"{""desktop-control-plane"": true}"
2026-09-09T21:16:34.378Z,api-6b9869b78-28xn9,api,Running,False,0,1,5,"{""api"": 5}","{""api"": ""running""}",1,desktop-control-plane,True,"{""desktop-control-plane"": true}"
2026-09-09T21:16:34.378Z,jaeger-7cc9b664cc-6bwgk,jaeger,Running,True,1,1,0,"{""jaeger"": 0}","{""jaeger"": ""running""}",1,desktop-control-plane,True,"{""desktop-control-plane"": true}"
2026-09-09T21:16:34.378Z,k6-c1-run-1-22rps-ffkqm,k6,Running,True,1,1,0,"{""k6"": 0}","{""k6"": ""running""}",1,desktop-control-plane,True,"{""desktop-control-plane"": true}"
2026-09-09T21:16:34.378Z,otel-collector-7c765745bf-x2wsq,otel-collector,Running,True,1,1,0,"{""otel-collector"": 0}","{""otel-collector"": ""running""}",1,desktop-control-plane,True,"{""desktop-control-plane"": true}"
2026-09-09T21:16:34.378Z,postgres-676cc4986c-8r7v5,postgres,Running,True,1,1,0,"{""postgres"": 0}","{""postgres"": ""running""}",1,desktop-control-plane,True,"{""desktop-control-plane"": true}"
2026-09-09T21:16:34.378Z,prometheus-59f5cf7468-qk6t6,prometheus,Running,True,1,1,0,"{""prometheus"": 0}","{""prometheus"": ""running""}",1,desktop-control-plane,True,"{""desktop-control-plane"": true}"
2026-09-09T21:16:34.378Z,rabbitmq-5cdf8f76b7-ftmdd,rabbitmq,Running,True,1,1,0,"{""rabbitmq"": 0}","{""rabbitmq"": ""running""}",1,desktop-control-plane,True,"{""desktop-control-plane"": true}"
2026-09-09T21:16:34.378Z,worker-56d7bdf6b4-8hz8f,worker,Running,True,1,1,0,"{""worker"": 0}","{""worker"": ""running""}",1,desktop-control-plane,True,"{""desktop-control-plane"": true}"
2026-09-09T21:16:39.379Z,api-6b9869b78-28xn9,api,Running,False,0,1,5,"{""api"": 5}","{""api"": ""running""}",1,desktop-control-plane,True,"{""desktop-control-plane"": true}"
2026-09-09T21:16:39.379Z,jaeger-7cc9b664cc-6bwgk,jaeger,Running,True,1,1,0,"{""jaeger"": 0}","{""jaeger"": ""running""}",1,desktop-control-plane,True,"{""desktop-control-plane"": true}"
2026-09-09T21:16:39.379Z,k6-c1-run-1-22rps-ffkqm,k6,Running,True,1,1,0,"{""k6"": 0}","{""k6"": ""running""}",1,desktop-control-plane,True,"{""desktop-control-plane"": true}"
2026-09-09T21:16:39.379Z,otel-collector-7c765745bf-x2wsq,otel-collector,Running,True,1,1,0,"{""otel-collector"": 0}","{""otel-collector"": ""running""}",1,desktop-control-plane,True,"{""desktop-control-plane"": true}"
2026-09-09T21:16:39.379Z,postgres-676cc4986c-8r7v5,postgres,Running,True,1,1,0,"{""postgres"": 0}","{""postgres"": ""running""}",1,desktop-control-plane,True,"{""desktop-control-plane"": true}"
2026-09-09T21:16:39.379Z,prometheus-59f5cf7468-qk6t6,prometheus,Running,True,1,1,0,"{""prometheus"": 0}","{""prometheus"": ""running""}",1,desktop-control-plane,True,"{""desktop-control-plane"": true}"
2026-09-09T21:16:39.379Z,rabbitmq-5cdf8f76b7-ftmdd,rabbitmq,Running,True,1,1,0,"{""rabbitmq"": 0}","{""rabbitmq"": ""running""}",1,desktop-control-plane,True,"{""desktop-control-plane"": true}"
2026-09-09T21:16:39.379Z,worker-56d7bdf6b4-8hz8f,worker,Running,True,1,1,0,"{""worker"": 0}","{""worker"": ""running""}",1,desktop-control-plane,True,"{""desktop-control-plane"": true}"
2026-09-09T21:16:44.379Z,api-6b9869b78-28xn9,api,Running,False,0,1,5,"{""api"": 5}","{""api"": ""running""}",1,desktop-control-plane,True,"{""desktop-control-plane"": true}"
2026-09-09T21:16:44.379Z,jaeger-7cc9b664cc-6bwgk,jaeger,Running,True,1,1,0,"{""jaeger"": 0}","{""jaeger"": ""running""}",1,desktop-control-plane,True,"{""desktop-control-plane"": true}"
2026-09-09T21:16:44.379Z,k6-c1-run-1-22rps-ffkqm,k6,Running,True,1,1,0,"{""k6"": 0}","{""k6"": ""running""}",1,desktop-control-plane,True,"{""desktop-control-plane"": true}"
2026-09-09T21:16:44.379Z,otel-collector-7c765745bf-x2wsq,otel-collector,Running,True,1,1,0,"{""otel-collector"": 0}","{""otel-collector"": ""running""}",1,desktop-control-plane,True,"{""desktop-control-plane"": true}"
2026-09-09T21:16:44.379Z,postgres-676cc4986c-8r7v5,postgres,Running,True,1,1,0,"{""postgres"": 0}","{""postgres"": ""running""}",1,desktop-control-plane,True,"{""desktop-control-plane"": true}"
2026-09-09T21:16:44.379Z,prometheus-59f5cf7468-qk6t6,prometheus,Running,True,1,1,0,"{""prometheus"": 0}","{""prometheus"": ""running""}",1,desktop-control-plane,True,"{""desktop-control-plane"": true}"
2026-09-09T21:16:44.379Z,rabbitmq-5cdf8f76b7-ftmdd,rabbitmq,Running,True,1,1,0,"{""rabbitmq"": 0}","{""rabbitmq"": ""running""}",1,desktop-control-plane,True,"{""desktop-control-plane"": true}"
2026-09-09T21:16:44.379Z,worker-56d7bdf6b4-8hz8f,worker,Running,True,1,1,0,"{""worker"": 0}","{""worker"": ""running""}",1,desktop-control-plane,True,"{""desktop-control-plane"": true}"
2026-09-09T21:16:49.380Z,api-6b9869b78-28xn9,api,Running,False,0,1,5,"{""api"": 5}","{""api"": ""running""}",1,desktop-control-plane,True,"{""desktop-control-plane"": true}"
2026-09-09T21:16:49.380Z,jaeger-7cc9b664cc-6bwgk,jaeger,Running,True,1,1,0,"{""jaeger"": 0}","{""jaeger"": ""running""}",1,desktop-control-plane,True,"{""desktop-control-plane"": true}"
2026-09-09T21:16:49.380Z,k6-c1-run-1-22rps-ffkqm,k6,Running,True,1,1,0,"{""k6"": 0}","{""k6"": ""running""}",1,desktop-control-plane,True,"{""desktop-control-plane"": true}"
2026-09-09T21:16:49.380Z,otel-collector-7c765745bf-x2wsq,otel-collector,Running,True,1,1,0,"{""otel-collector"": 0}","{""otel-collector"": ""running""}",1,desktop-control-plane,True,"{""desktop-control-plane"": true}"
2026-09-09T21:16:49.380Z,postgres-676cc4986c-8r7v5,postgres,Running,True,1,1,0,"{""postgres"": 0}","{""postgres"": ""running""}",1,desktop-control-plane,True,"{""desktop-control-plane"": true}"
2026-09-09T21:16:49.380Z,prometheus-59f5cf7468-qk6t6,prometheus,Running,True,1,1,0,"{""prometheus"": 0}","{""prometheus"": ""running""}",1,desktop-control-plane,True,"{""desktop-control-plane"": true}"
2026-09-09T21:16:49.380Z,rabbitmq-5cdf8f76b7-ftmdd,rabbitmq,Running,True,1,1,0,"{""rabbitmq"": 0}","{""rabbitmq"": ""running""}",1,desktop-control-plane,True,"{""desktop-control-plane"": true}"
2026-09-09T21:16:49.380Z,worker-56d7bdf6b4-8hz8f,worker,Running,True,1,1,0,"{""worker"": 0}","{""worker"": ""running""}",1,desktop-control-plane,True,"{""desktop-control-plane"": true}"
2026-09-09T21:16:54.380Z,api-6b9869b78-28xn9,api,Running,False,0,1,5,"{""api"": 5}","{""api"": ""running""}",1,desktop-control-plane,True,"{""desktop-control-plane"": true}"
2026-09-09T21:16:54.380Z,jaeger-7cc9b664cc-6bwgk,jaeger,Running,True,1,1,0,"{""jaeger"": 0}","{""jaeger"": ""running""}",1,desktop-control-plane,True,"{""desktop-control-plane"": true}"
2026-09-09T21:16:54.380Z,k6-c1-run-1-22rps-ffkqm,k6,Running,True,1,1,0,"{""k6"": 0}","{""k6"": ""running""}",1,desktop-control-plane,True,"{""desktop-control-plane"": true}"
2026-09-09T21:16:54.380Z,otel-collector-7c765745bf-x2wsq,otel-collector,Running,True,1,1,0,"{""otel-collector"": 0}","{""otel-collector"": ""running""}",1,desktop-control-plane,True,"{""desktop-control-plane"": true}"
2026-09-09T21:16:54.380Z,postgres-676cc4986c-8r7v5,postgres,Running,True,1,1,0,"{""postgres"": 0}","{""postgres"": ""running""}",1,desktop-control-plane,True,"{""desktop-control-plane"": true}"
2026-09-09T21:16:54.380Z,prometheus-59f5cf7468-qk6t6,prometheus,Running,True,1,1,0,"{""prometheus"": 0}","{""prometheus"": ""running""}",1,desktop-control-plane,True,"{""desktop-control-plane"": true}"
2026-09-09T21:16:54.380Z,rabbitmq-5cdf8f76b7-ftmdd,rabbitmq,Running,True,1,1,0,"{""rabbitmq"": 0}","{""rabbitmq"": ""running""}",1,desktop-control-plane,True,"{""desktop-control-plane"": true}"
2026-09-09T21:16:54.380Z,worker-56d7bdf6b4-8hz8f,worker,Running,True,1,1,0,"{""worker"": 0}","{""worker"": ""running""}",1,desktop-control-plane,True,"{""desktop-control-plane"": true}"
2026-09-09T21:16:59.381Z,api-6b9869b78-28xn9,api,Running,False,0,1,5,"{""api"": 5}","{""api"": ""running""}",1,desktop-control-plane,True,"{""desktop-control-plane"": true}"
2026-09-09T21:16:59.381Z,jaeger-7cc9b664cc-6bwgk,jaeger,Running,True,1,1,0,"{""jaeger"": 0}","{""jaeger"": ""running""}",1,desktop-control-plane,True,"{""desktop-control-plane"": true}"
2026-09-09T21:16:59.381Z,k6-c1-run-1-22rps-ffkqm,k6,Running,True,1,1,0,"{""k6"": 0}","{""k6"": ""running""}",1,desktop-control-plane,True,"{""desktop-control-plane"": true}"
2026-09-09T21:16:59.381Z,otel-collector-7c765745bf-x2wsq,otel-collector,Running,True,1,1,0,"{""otel-collector"": 0}","{""otel-collector"": ""running""}",1,desktop-control-plane,True,"{""desktop-control-plane"": true}"
2026-09-09T21:16:59.381Z,postgres-676cc4986c-8r7v5,postgres,Running,True,1,1,0,"{""postgres"": 0}","{""postgres"": ""running""}",1,desktop-control-plane,True,"{""desktop-control-plane"": true}"
2026-09-09T21:16:59.381Z,prometheus-59f5cf7468-qk6t6,prometheus,Running,True,1,1,0,"{""prometheus"": 0}","{""prometheus"": ""running""}",1,desktop-control-plane,True,"{""desktop-control-plane"": true}"
2026-09-09T21:16:59.381Z,rabbitmq-5cdf8f76b7-ftmdd,rabbitmq,Running,True,1,1,0,"{""rabbitmq"": 0}","{""rabbitmq"": ""running""}",1,desktop-control-plane,True,"{""desktop-control-plane"": true}"
2026-09-09T21:16:59.381Z,worker-56d7bdf6b4-8hz8f,worker,Running,True,1,1,0,"{""worker"": 0}","{""worker"": ""running""}",1,desktop-control-plane,True,"{""desktop-control-plane"": true}"
2026-09-09T21:17:04.381Z,api-6b9869b78-28xn9,api,Running,False,0,1,5,"{""api"": 5}","{""api"": ""running""}",1,desktop-control-plane,True,"{""desktop-control-plane"": true}"
2026-09-09T21:17:04.381Z,jaeger-7cc9b664cc-6bwgk,jaeger,Running,True,1,1,0,"{""jaeger"": 0}","{""jaeger"": ""running""}",1,desktop-control-plane,True,"{""desktop-control-plane"": true}"
2026-09-09T21:17:04.381Z,k6-c1-run-1-22rps-ffkqm,k6,Running,True,1,1,0,"{""k6"": 0}","{""k6"": ""running""}",1,desktop-control-plane,True,"{""desktop-control-plane"": true}"
2026-09-09T21:17:04.381Z,otel-collector-7c765745bf-x2wsq,otel-collector,Running,True,1,1,0,"{""otel-collector"": 0}","{""otel-collector"": ""running""}",1,desktop-control-plane,True,"{""desktop-control-plane"": true}"
2026-09-09T21:17:04.381Z,postgres-676cc4986c-8r7v5,postgres,Running,True,1,1,0,"{""postgres"": 0}","{""postgres"": ""running""}",1,desktop-control-plane,True,"{""desktop-control-plane"": true}"
2026-09-09T21:17:04.381Z,prometheus-59f5cf7468-qk6t6,prometheus,Running,True,1,1,0,"{""prometheus"": 0}","{""prometheus"": ""running""}",1,desktop-control-plane,True,"{""desktop-control-plane"": true}"
2026-09-09T21:17:04.381Z,rabbitmq-5cdf8f76b7-ftmdd,rabbitmq,Running,True,1,1,0,"{""rabbitmq"": 0}","{""rabbitmq"": ""running""}",1,desktop-control-plane,True,"{""desktop-control-plane"": true}"
2026-09-09T21:17:04.381Z,worker-56d7bdf6b4-8hz8f,worker,Running,True,1,1,0,"{""worker"": 0}","{""worker"": ""running""}",1,desktop-control-plane,True,"{""desktop-control-plane"": true}"
2026-09-09T21:17:09.381Z,api-6b9869b78-28xn9,api,Running,False,0,1,5,"{""api"": 5}","{""api"": ""running""}",1,desktop-control-plane,True,"{""desktop-control-plane"": true}"
2026-09-09T21:17:09.381Z,jaeger-7cc9b664cc-6bwgk,jaeger,Running,True,1,1,0,"{""jaeger"": 0}","{""jaeger"": ""running""}",1,desktop-control-plane,True,"{""desktop-control-plane"": true}"
2026-09-09T21:17:09.381Z,k6-c1-run-1-22rps-ffkqm,k6,Running,True,1,1,0,"{""k6"": 0}","{""k6"": ""running""}",1,desktop-control-plane,True,"{""desktop-control-plane"": true}"
2026-09-09T21:17:09.381Z,otel-collector-7c765745bf-x2wsq,otel-collector,Running,True,1,1,0,"{""otel-collector"": 0}","{""otel-collector"": ""running""}",1,desktop-control-plane,True,"{""desktop-control-plane"": true}"
2026-09-09T21:17:09.381Z,postgres-676cc4986c-8r7v5,postgres,Running,True,1,1,0,"{""postgres"": 0}","{""postgres"": ""running""}",1,desktop-control-plane,True,"{""desktop-control-plane"": true}"
2026-09-09T21:17:09.381Z,prometheus-59f5cf7468-qk6t6,prometheus,Running,True,1,1,0,"{""prometheus"": 0}","{""prometheus"": ""running""}",1,desktop-control-plane,True,"{""desktop-control-plane"": true}"
2026-09-09T21:17:09.381Z,rabbitmq-5cdf8f76b7-ftmdd,rabbitmq,Running,True,1,1,0,"{""rabbitmq"": 0}","{""rabbitmq"": ""running""}",1,desktop-control-plane,True,"{""desktop-control-plane"": true}"
2026-09-09T21:17:09.381Z,worker-56d7bdf6b4-8hz8f,worker,Running,True,1,1,0,"{""worker"": 0}","{""worker"": ""running""}",1,desktop-control-plane,True,"{""desktop-control-plane"": true}"
2026-09-09T21:17:14.382Z,api-6b9869b78-28xn9,api,Running,False,0,1,5,"{""api"": 5}","{""api"": ""running""}",1,desktop-control-plane,True,"{""desktop-control-plane"": true}"
2026-09-09T21:17:14.382Z,jaeger-7cc9b664cc-6bwgk,jaeger,Running,True,1,1,0,"{""jaeger"": 0}","{""jaeger"": ""running""}",1,desktop-control-plane,True,"{""desktop-control-plane"": true}"
2026-09-09T21:17:14.382Z,otel-collector-7c765745bf-x2wsq,otel-collector,Running,True,1,1,0,"{""otel-collector"": 0}","{""otel-collector"": ""running""}",1,desktop-control-plane,True,"{""desktop-control-plane"": true}"
2026-09-09T21:17:14.382Z,postgres-676cc4986c-8r7v5,postgres,Running,True,1,1,0,"{""postgres"": 0}","{""postgres"": ""running""}",1,desktop-control-plane,True,"{""desktop-control-plane"": true}"
2026-09-09T21:17:14.382Z,prometheus-59f5cf7468-qk6t6,prometheus,Running,True,1,1,0,"{""prometheus"": 0}","{""prometheus"": ""running""}",1,desktop-control-plane,True,"{""desktop-control-plane"": true}"
2026-09-09T21:17:14.382Z,rabbitmq-5cdf8f76b7-ftmdd,rabbitmq,Running,True,1,1,0,"{""rabbitmq"": 0}","{""rabbitmq"": ""running""}",1,desktop-control-plane,True,"{""desktop-control-plane"": true}"
2026-09-09T21:17:14.382Z,worker-56d7bdf6b4-8hz8f,worker,Running,True,1,1,0,"{""worker"": 0}","{""worker"": ""running""}",1,desktop-control-plane,True,"{""desktop-control-plane"": true}"
2026-09-09T21:17:19.382Z,api-6b9869b78-28xn9,api,Running,False,0,1,5,"{""api"": 5}","{""api"": ""running""}",1,desktop-control-plane,True,"{""desktop-control-plane"": true}"
2026-09-09T21:17:19.382Z,jaeger-7cc9b664cc-6bwgk,jaeger,Running,True,1,1,0,"{""jaeger"": 0}","{""jaeger"": ""running""}",1,desktop-control-plane,True,"{""desktop-control-plane"": true}"
2026-09-09T21:17:19.382Z,otel-collector-7c765745bf-x2wsq,otel-collector,Running,True,1,1,0,"{""otel-collector"": 0}","{""otel-collector"": ""running""}",1,desktop-control-plane,True,"{""desktop-control-plane"": true}"
2026-09-09T21:17:19.382Z,postgres-676cc4986c-8r7v5,postgres,Running,True,1,1,0,"{""postgres"": 0}","{""postgres"": ""running""}",1,desktop-control-plane,True,"{""desktop-control-plane"": true}"
2026-09-09T21:17:19.382Z,prometheus-59f5cf7468-qk6t6,prometheus,Running,True,1,1,0,"{""prometheus"": 0}","{""prometheus"": ""running""}",1,desktop-control-plane,True,"{""desktop-control-plane"": true}"
2026-09-09T21:17:19.382Z,rabbitmq-5cdf8f76b7-ftmdd,rabbitmq,Running,True,1,1,0,"{""rabbitmq"": 0}","{""rabbitmq"": ""running""}",1,desktop-control-plane,True,"{""desktop-control-plane"": true}"
2026-09-09T21:17:19.382Z,worker-56d7bdf6b4-8hz8f,worker,Running,True,1,1,0,"{""worker"": 0}","{""worker"": ""running""}",1,desktop-control-plane,True,"{""desktop-control-plane"": true}"
