timestamp,pod,container,cpu_cores,memory_mib
2026-09-09T21:14:09.368Z,api-6b9869b78-28xn9,api,0.006986888,82.210938
2026-09-09T21:14:09.368Z,jaeger-7cc9b664cc-6bwgk,jaeger,0.001871567,15.648438
2026-09-09T21:14:09.368Z,otel-collector-7c765745bf-x2wsq,otel-collector,0.00172196,15.789062
2026-09-09T21:14:09.368Z,postgres-676cc4986c-8r7v5,postgres,0.014765794,43.734375
2026-09-09T21:14:09.368Z,prometheus-59f5cf7468-qk6t6,prometheus,0.00063945,18.703125
2026-09-09T21:14:09.368Z,rabbitmq-5cdf8f76b7-ftmdd,rabbitmq,0.463833287,164.359375
2026-09-09T21:14:09.368Z,worker-56d7bdf6b4-8hz8f,worker,0.002980427,66.847656
2026-09-09T21:14:14.368Z,api-6b9869b78-28xn9,api,0.006986888,82.210938
2026-09-09T21:14:14.368Z,jaeger-7cc9b664cc-6bwgk,jaeger,0.001871567,15.648438
2026-09-09T21:14:14.368Z,otel-collector-7c765745bf-x2wsq,otel-collector,0.00172196,15.789062
2026-09-09T21:14:14.368Z,postgres-676cc4986c-8r7v5,postgres,0.014765794,43.734375
2026-09-09T21:14:14.368Z,prometheus-59f5cf7468-qk6t6,prometheus,0.00063945,18.703125
2026-09-09T21:14:14.368Z,rabbitmq-5cdf8f76b7-ftmdd,rabbitmq,0.463833287,164.359375
2026-09-09T21:14:14.368Z,worker-56d7bdf6b4-8hz8f,worker,0.002980427,66.847656
2026-09-09T21:14:19.368Z,api-6b9869b78-28xn9,api,0.006986888,82.210938
2026-09-09T21:14:19.368Z,jaeger-7cc9b664cc-6bwgk,jaeger,0.001871567,15.648438
2026-09-09T21:14:19.368Z,otel-collector-7c765745bf-x2wsq,otel-collector,0.00172196,15.789062
2026-09-09T21:14:19.368Z,postgres-676cc4986c-8r7v5,postgres,0.014765794,43.734375
2026-09-09T21:14:19.368Z,prometheus-59f5cf7468-qk6t6,prometheus,0.00063945,18.703125
2026-09-09T21:14:19.368Z,rabbitmq-5cdf8f76b7-ftmdd,rabbitmq,0.463833287,164.359375
2026-09-09T21:14:19.368Z,worker-56d7bdf6b4-8hz8f,worker,0.002980427,66.847656
2026-09-09T21:14:24.369Z,api-6b9869b78-28xn9,api,0.166472489,73.484375
2026-09-09T21:14:24.369Z,jaeger-7cc9b664cc-6bwgk,jaeger,0.001926992,15.679688
2026-09-09T21:14:24.369Z,otel-collector-7c765745bf-x2wsq,otel-collector,0.001794519,15.785156
2026-09-09T21:14:24.369Z,postgres-676cc4986c-8r7v5,postgres,0.017539784,43.730469
2026-09-09T21:14:24.369Z,prometheus-59f5cf7468-qk6t6,prometheus,0.001078737,18.703125
2026-09-09T21:14:24.369Z,rabbitmq-5cdf8f76b7-ftmdd,rabbitmq,0.597114136,266.945312
2026-09-09T21:14:24.369Z,worker-56d7bdf6b4-8hz8f,worker,0.001368542,66.847656
2026-09-09T21:14:29.369Z,api-6b9869b78-28xn9,api,0.166472489,73.484375
2026-09-09T21:14:29.369Z,jaeger-7cc9b664cc-6bwgk,jaeger,0.001926992,15.679688
2026-09-09T21:14:29.369Z,otel-collector-7c765745bf-x2wsq,otel-collector,0.001794519,15.785156
2026-09-09T21:14:29.369Z,postgres-676cc4986c-8r7v5,postgres,0.017539784,43.730469
2026-09-09T21:14:29.369Z,prometheus-59f5cf7468-qk6t6,prometheus,0.001078737,18.703125
2026-09-09T21:14:29.369Z,rabbitmq-5cdf8f76b7-ftmdd,rabbitmq,0.597114136,266.945312
2026-09-09T21:14:29.369Z,worker-56d7bdf6b4-8hz8f,worker,0.001368542,66.847656
2026-09-09T21:14:34.370Z,api-6b9869b78-28xn9,api,0.166472489,73.484375
2026-09-09T21:14:34.370Z,jaeger-7cc9b664cc-6bwgk,jaeger,0.001926992,15.679688
2026-09-09T21:14:34.370Z,otel-collector-7c765745bf-x2wsq,otel-collector,0.001794519,15.785156
2026-09-09T21:14:34.370Z,postgres-676cc4986c-8r7v5,postgres,0.017539784,43.730469
2026-09-09T21:14:34.370Z,prometheus-59f5cf7468-qk6t6,prometheus,0.001078737,18.703125
2026-09-09T21:14:34.370Z,rabbitmq-5cdf8f76b7-ftmdd,rabbitmq,0.597114136,266.945312
2026-09-09T21:14:34.370Z,worker-56d7bdf6b4-8hz8f,worker,0.001368542,66.847656
2026-09-09T21:14:39.370Z,api-6b9869b78-28xn9,api,0.004213268,73.488281
2026-09-09T21:14:39.370Z,jaeger-7cc9b664cc-6bwgk,jaeger,0.001926992,15.679688
2026-09-09T21:14:39.370Z,otel-collector-7c765745bf-x2wsq,otel-collector,0.001830332,15.789062
2026-09-09T21:14:39.370Z,postgres-676cc4986c-8r7v5,postgres,0.014836256,43.726562
2026-09-09T21:14:39.370Z,prometheus-59f5cf7468-qk6t6,prometheus,0.00063386,18.703125
2026-09-09T21:14:39.370Z,rabbitmq-5cdf8f76b7-ftmdd,rabbitmq,0.443263148,121.535156
2026-09-09T21:14:39.370Z,worker-56d7bdf6b4-8hz8f,worker,0.001366868,66.847656
2026-09-09T21:14:44.370Z,api-6b9869b78-28xn9,api,0.004213268,73.488281
2026-09-09T21:14:44.370Z,jaeger-7cc9b664cc-6bwgk,jaeger,0.001926992,15.679688
2026-09-09T21:14:44.370Z,otel-collector-7c765745bf-x2wsq,otel-collector,0.001830332,15.789062
2026-09-09T21:14:44.370Z,postgres-676cc4986c-8r7v5,postgres,0.014836256,43.726562
2026-09-09T21:14:44.370Z,prometheus-59f5cf7468-qk6t6,prometheus,0.00063386,18.703125
2026-09-09T21:14:44.370Z,rabbitmq-5cdf8f76b7-ftmdd,rabbitmq,0.443263148,121.535156
2026-09-09T21:14:44.370Z,worker-56d7bdf6b4-8hz8f,worker,0.001366868,66.847656
2026-09-09T21:14:49.371Z,api-6b9869b78-28xn9,api,0.004213268,73.488281
2026-09-09T21:14:49.371Z,jaeger-7cc9b664cc-6bwgk,jaeger,0.001926992,15.679688
2026-09-09T21:14:49.371Z,otel-collector-7c765745bf-x2wsq,otel-collector,0.001830332,15.789062
2026-09-09T21:14:49.371Z,postgres-676cc4986c-8r7v5,postgres,0.014836256,43.726562
2026-09-09T21:14:49.371Z,prometheus-59f5cf7468-qk6t6,prometheus,0.00063386,18.703125
2026-09-09T21:14:49.371Z,rabbitmq-5cdf8f76b7-ftmdd,rabbitmq,0.443263148,121.535156
2026-09-09T21:14:49.371Z,worker-56d7bdf6b4-8hz8f,worker,0.001366868,66.847656
2026-09-09T21:14:54.371Z,api-6b9869b78-28xn9,api,0.004764067,73.488281
2026-09-09T21:14:54.371Z,jaeger-7cc9b664cc-6bwgk,jaeger,0.002222364,15.710938
2026-09-09T21:14:54.371Z,otel-collector-7c765745bf-x2wsq,otel-collector,0.002139638,15.785156
2026-09-09T21:14:54.371Z,postgres-676cc4986c-8r7v5,postgres,0.013111456,43.726562
2026-09-09T21:14:54.371Z,prometheus-59f5cf7468-qk6t6,prometheus,0.000548021,18.703125
2026-09-09T21:14:54.371Z,rabbitmq-5cdf8f76b7-ftmdd,rabbitmq,0.53535656,235.003906
2026-09-09T21:14:54.371Z,worker-56d7bdf6b4-8hz8f,worker,0.001368401,66.847656
2026-09-09T21:14:59.371Z,api-6b9869b78-28xn9,api,0.004764067,73.488281
2026-09-09T21:14:59.371Z,jaeger-7cc9b664cc-6bwgk,jaeger,0.002222364,15.710938
2026-09-09T21:14:59.371Z,otel-collector-7c765745bf-x2wsq,otel-collector,0.002139638,15.785156
2026-09-09T21:14:59.371Z,postgres-676cc4986c-8r7v5,postgres,0.013111456,43.726562
2026-09-09T21:14:59.371Z,prometheus-59f5cf7468-qk6t6,prometheus,0.000548021,18.703125
2026-09-09T21:14:59.371Z,rabbitmq-5cdf8f76b7-ftmdd,rabbitmq,0.53535656,235.003906
2026-09-09T21:14:59.371Z,worker-56d7bdf6b4-8hz8f,worker,0.001368401,66.847656
2026-09-09T21:15:04.372Z,api-6b9869b78-28xn9,api,0.004764067,73.488281
2026-09-09T21:15:04.372Z,jaeger-7cc9b664cc-6bwgk,jaeger,0.002222364,15.710938
2026-09-09T21:15:04.372Z,otel-collector-7c765745bf-x2wsq,otel-collector,0.002139638,15.785156
2026-09-09T21:15:04.372Z,postgres-676cc4986c-8r7v5,postgres,0.013111456,43.726562
2026-09-09T21:15:04.372Z,prometheus-59f5cf7468-qk6t6,prometheus,0.000548021,18.703125
2026-09-09T21:15:04.372Z,rabbitmq-5cdf8f76b7-ftmdd,rabbitmq,0.53535656,235.003906
2026-09-09T21:15:04.372Z,worker-56d7bdf6b4-8hz8f,worker,0.001368401,66.847656
2026-09-09T21:15:09.372Z,api-6b9869b78-28xn9,api,0.004656955,73.492188
2026-09-09T21:15:09.372Z,jaeger-7cc9b664cc-6bwgk,jaeger,0.001982631,15.710938
2026-09-09T21:15:09.372Z,otel-collector-7c765745bf-x2wsq,otel-collector,0.001772021,15.785156
2026-09-09T21:15:09.372Z,postgres-676cc4986c-8r7v5,postgres,0.016527863,43.726562
2026-09-09T21:15:09.372Z,prometheus-59f5cf7468-qk6t6,prometheus,0.000683268,18.703125
2026-09-09T21:15:09.372Z,rabbitmq-5cdf8f76b7-ftmdd,rabbitmq,0.499459463,121.535156
2026-09-09T21:15:09.372Z,worker-56d7bdf6b4-8hz8f,worker,0.001390142,66.847656
2026-09-09T21:15:14.372Z,api-6b9869b78-28xn9,api,0.004656955,73.492188
2026-09-09T21:15:14.372Z,jaeger-7cc9b664cc-6bwgk,jaeger,0.001982631,15.710938
2026-09-09T21:15:14.372Z,otel-collector-7c765745bf-x2wsq,otel-collector,0.001772021,15.785156
2026-09-09T21:15:14.372Z,postgres-676cc4986c-8r7v5,postgres,0.016527863,43.726562
2026-09-09T21:15:14.372Z,prometheus-59f5cf7468-qk6t6,prometheus,0.000683268,18.703125
2026-09-09T21:15:14.372Z,rabbitmq-5cdf8f76b7-ftmdd,rabbitmq,0.499459463,121.535156
2026-09-09T21:15:14.372Z,worker-56d7bdf6b4-8hz8f,worker,0.001390142,66.847656
2026-09-09T21:15:19.373Z,api-6b9869b78-28xn9,api,0.004656955,73.492188
2026-09-09T21:15:19.373Z,jaeger-7cc9b664cc-6bwgk,jaeger,0.001982631,15.710938
2026-09-09T21:15:19.373Z,otel-collector-7c765745bf-x2wsq,otel-collector,0.001772021,15.785156
2026-09-09T21:15:19.373Z,postgres-676cc4986c-8r7v5,postgres,0.016527863,43.726562
2026-09-09T21:15:19.373Z,prometheus-59f5cf7468-qk6t6,prometheus,0.000683268,18.703125
2026-09-09T21:15:19.373Z,rabbitmq-5cdf8f76b7-ftmdd,rabbitmq,0.499459463,121.535156
2026-09-09T21:15:19.373Z,worker-56d7bdf6b4-8hz8f,worker,0.001390142,66.847656
2026-09-09T21:15:24.373Z,api-6b9869b78-28xn9,api,0.027194159,76.238281
2026-09-09T21:15:24.373Z,jaeger-7cc9b664cc-6bwgk,jaeger,0.001826094,15.710938
2026-09-09T21:15:24.373Z,k6-c1-run-1-22rps-ffkqm,k6,0.051426784,30.835938
2026-09-09T21:15:24.373Z,otel-collector-7c765745bf-x2wsq,otel-collector,0.001822397,15.785156
2026-09-09T21:15:24.373Z,postgres-676cc4986c-8r7v5,postgres,0.021485415,45.652344
2026-09-09T21:15:24.373Z,prometheus-59f5cf7468-qk6t6,prometheus,0.000636746,18.703125
2026-09-09T21:15:24.373Z,rabbitmq-5cdf8f76b7-ftmdd,rabbitmq,0.526308539,257.011719
2026-09-09T21:15:24.373Z,worker-56d7bdf6b4-8hz8f,worker,0.001390142,66.847656
2026-09-09T21:15:29.374Z,api-6b9869b78-28xn9,api,0.027194159,76.238281
2026-09-09T21:15:29.374Z,jaeger-7cc9b664cc-6bwgk,jaeger,0.001826094,15.710938
2026-09-09T21:15:29.374Z,k6-c1-run-1-22rps-ffkqm,k6,0.051426784,30.835938
2026-09-09T21:15:29.374Z,otel-collector-7c765745bf-x2wsq,otel-collector,0.001822397,15.785156
2026-09-09T21:15:29.374Z,postgres-676cc4986c-8r7v5,postgres,0.021485415,45.652344
2026-09-09T21:15:29.374Z,prometheus-59f5cf7468-qk6t6,prometheus,0.000636746,18.703125
2026-09-09T21:15:29.374Z,rabbitmq-5cdf8f76b7-ftmdd,rabbitmq,0.526308539,257.011719
2026-09-09T21:15:29.374Z,worker-56d7bdf6b4-8hz8f,worker,0.001390142,66.847656
2026-09-09T21:15:34.374Z,api-6b9869b78-28xn9,api,0.027194159,76.238281
2026-09-09T21:15:34.374Z,jaeger-7cc9b664cc-6bwgk,jaeger,0.001826094,15.710938
2026-09-09T21:15:34.374Z,k6-c1-run-1-22rps-ffkqm,k6,0.051426784,30.835938
2026-09-09T21:15:34.374Z,otel-collector-7c765745bf-x2wsq,otel-collector,0.001822397,15.785156
2026-09-09T21:15:34.374Z,postgres-676cc4986c-8r7v5,postgres,0.021485415,45.652344
2026-09-09T21:15:34.374Z,prometheus-59f5cf7468-qk6t6,prometheus,0.000636746,18.703125
2026-09-09T21:15:34.374Z,rabbitmq-5cdf8f76b7-ftmdd,rabbitmq,0.526308539,257.011719
2026-09-09T21:15:34.374Z,worker-56d7bdf6b4-8hz8f,worker,0.001390142,66.847656
2026-09-09T21:15:39.375Z,api-6b9869b78-28xn9,api,0.235630115,78.015625
2026-09-09T21:15:39.375Z,jaeger-7cc9b664cc-6bwgk,jaeger,0.001684512,15.730469
2026-09-09T21:15:39.375Z,k6-c1-run-1-22rps-ffkqm,k6,0.050854758,32.324219
2026-09-09T21:15:39.375Z,otel-collector-7c765745bf-x2wsq,otel-collector,0.002242301,16.675781
2026-09-09T21:15:39.375Z,postgres-676cc4986c-8r7v5,postgres,0.021485415,45.652344
2026-09-09T21:15:39.375Z,prometheus-59f5cf7468-qk6t6,prometheus,0.000721311,18.703125
2026-09-09T21:15:39.375Z,rabbitmq-5cdf8f76b7-ftmdd,rabbitmq,0.618526643,268.207031
2026-09-09T21:15:39.375Z,worker-56d7bdf6b4-8hz8f,worker,0.106768157,67.097656
2026-09-09T21:15:44.375Z,api-6b9869b78-28xn9,api,0.235630115,78.015625
2026-09-09T21:15:44.375Z,jaeger-7cc9b664cc-6bwgk,jaeger,0.001684512,15.730469
2026-09-09T21:15:44.375Z,k6-c1-run-1-22rps-ffkqm,k6,0.050854758,32.324219
2026-09-09T21:15:44.375Z,otel-collector-7c765745bf-x2wsq,otel-collector,0.002242301,16.675781
2026-09-09T21:15:44.375Z,postgres-676cc4986c-8r7v5,postgres,0.021485415,45.652344
2026-09-09T21:15:44.375Z,prometheus-59f5cf7468-qk6t6,prometheus,0.000721311,18.703125
2026-09-09T21:15:44.375Z,rabbitmq-5cdf8f76b7-ftmdd,rabbitmq,0.618526643,268.207031
2026-09-09T21:15:44.375Z,worker-56d7bdf6b4-8hz8f,worker,0.106768157,67.097656
2026-09-09T21:15:49.375Z,api-6b9869b78-28xn9,api,0.235630115,78.015625
2026-09-09T21:15:49.375Z,jaeger-7cc9b664cc-6bwgk,jaeger,0.001684512,15.730469
2026-09-09T21:15:49.375Z,k6-c1-run-1-22rps-ffkqm,k6,0.050854758,32.324219
2026-09-09T21:15:49.375Z,otel-collector-7c765745bf-x2wsq,otel-collector,0.002242301,16.675781
2026-09-09T21:15:49.375Z,postgres-676cc4986c-8r7v5,postgres,0.021485415,45.652344
2026-09-09T21:15:49.375Z,prometheus-59f5cf7468-qk6t6,prometheus,0.000721311,18.703125
2026-09-09T21:15:49.375Z,rabbitmq-5cdf8f76b7-ftmdd,rabbitmq,0.618526643,268.207031
2026-09-09T21:15:49.375Z,worker-56d7bdf6b4-8hz8f,worker,0.106768157,67.097656
2026-09-09T21:15:54.376Z,api-6b9869b78-28xn9,api,0.411143637,84.015625
2026-09-09T21:15:54.376Z,jaeger-7cc9b664cc-6bwgk,jaeger,0.002196441,15.800781
2026-09-09T21:15:54.376Z,k6-c1-run-1-22rps-ffkqm,k6,0.061543166,40.792969
2026-09-09T21:15:54.376Z,otel-collector-7c765745bf-x2wsq,otel-collector,0.002242301,16.675781
2026-09-09T21:15:54.376Z,postgres-676cc4986c-8r7v5,postgres,0.115988202,71.0625
2026-09-09T21:15:54.376Z,prometheus-59f5cf7468-qk6t6,prometheus,0.000617405,18.707031
2026-09-09T21:15:54.376Z,rabbitmq-5cdf8f76b7-ftmdd,rabbitmq,0.659090007,121.578125
2026-09-09T21:15:54.376Z,worker-56d7bdf6b4-8hz8f,worker,0.197990748,66.851562
2026-09-09T21:15:59.376Z,api-6b9869b78-28xn9,api,0.411143637,84.015625
2026-09-09T21:15:59.376Z,jaeger-7cc9b664cc-6bwgk,jaeger,0.002196441,15.800781
2026-09-09T21:15:59.376Z,k6-c1-run-1-22rps-ffkqm,k6,0.061543166,40.792969
2026-09-09T21:15:59.376Z,otel-collector-7c765745bf-x2wsq,otel-collector,0.002242301,16.675781
2026-09-09T21:15:59.376Z,postgres-676cc4986c-8r7v5,postgres,0.115988202,71.0625
2026-09-09T21:15:59.376Z,prometheus-59f5cf7468-qk6t6,prometheus,0.000617405,18.707031
2026-09-09T21:15:59.376Z,rabbitmq-5cdf8f76b7-ftmdd,rabbitmq,0.659090007,121.578125
2026-09-09T21:15:59.376Z,worker-56d7bdf6b4-8hz8f,worker,0.197990748,66.851562
2026-09-09T21:16:04.376Z,api-6b9869b78-28xn9,api,0.411143637,84.015625
2026-09-09T21:16:04.376Z,jaeger-7cc9b664cc-6bwgk,jaeger,0.002196441,15.800781
2026-09-09T21:16:04.376Z,k6-c1-run-1-22rps-ffkqm,k6,0.061543166,40.792969
2026-09-09T21:16:04.376Z,otel-collector-7c765745bf-x2wsq,otel-collector,0.002242301,16.675781
2026-09-09T21:16:04.376Z,postgres-676cc4986c-8r7v5,postgres,0.115988202,71.0625
2026-09-09T21:16:04.376Z,prometheus-59f5cf7468-qk6t6,prometheus,0.000617405,18.707031
2026-09-09T21:16:04.376Z,rabbitmq-5cdf8f76b7-ftmdd,rabbitmq,0.659090007,121.578125
2026-09-09T21:16:04.376Z,worker-56d7bdf6b4-8hz8f,worker,0.197990748,66.851562
2026-09-09T21:16:09.377Z,api-6b9869b78-28xn9,api,0.413481851,88.257812
2026-09-09T21:16:09.377Z,jaeger-7cc9b664cc-6bwgk,jaeger,0.001752956,15.839844
2026-09-09T21:16:09.377Z,k6-c1-run-1-22rps-ffkqm,k6,0.050553001,42.386719
2026-09-09T21:16:09.377Z,otel-collector-7c765745bf-x2wsq,otel-collector,0.001985035,16.789062
2026-09-09T21:16:09.377Z,postgres-676cc4986c-8r7v5,postgres,0.082596693,71.050781
2026-09-09T21:16:09.377Z,prometheus-59f5cf7468-qk6t6,prometheus,0.000590496,18.707031
2026-09-09T21:16:09.377Z,rabbitmq-5cdf8f76b7-ftmdd,rabbitmq,0.616291906,121.960938
2026-09-09T21:16:09.377Z,worker-56d7bdf6b4-8hz8f,worker,0.136999855,66.847656
2026-09-09T21:16:14.377Z,api-6b9869b78-28xn9,api,0.413481851,88.257812
2026-09-09T21:16:14.377Z,jaeger-7cc9b664cc-6bwgk,jaeger,0.001752956,15.839844
2026-09-09T21:16:14.377Z,k6-c1-run-1-22rps-ffkqm,k6,0.050553001,42.386719
2026-09-09T21:16:14.377Z,otel-collector-7c765745bf-x2wsq,otel-collector,0.001985035,16.789062
2026-09-09T21:16:14.377Z,postgres-676cc4986c-8r7v5,postgres,0.082596693,71.050781
2026-09-09T21:16:14.377Z,prometheus-59f5cf7468-qk6t6,prometheus,0.000590496,18.707031
2026-09-09T21:16:14.377Z,rabbitmq-5cdf8f76b7-ftmdd,rabbitmq,0.616291906,121.960938
2026-09-09T21:16:14.377Z,worker-56d7bdf6b4-8hz8f,worker,0.136999855,66.847656
2026-09-09T21:16:19.377Z,api-6b9869b78-28xn9,api,0.413481851,88.257812
2026-09-09T21:16:19.377Z,jaeger-7cc9b664cc-6bwgk,jaeger,0.001752956,15.839844
2026-09-09T21:16:19.377Z,k6-c1-run-1-22rps-ffkqm,k6,0.050553001,42.386719
2026-09-09T21:16:19.377Z,otel-collector-7c765745bf-x2wsq,otel-collector,0.001985035,16.789062
2026-09-09T21:16:19.377Z,postgres-676cc4986c-8r7v5,postgres,0.082596693,71.050781
2026-09-09T21:16:19.377Z,prometheus-59f5cf7468-qk6t6,prometheus,0.000590496,18.707031
2026-09-09T21:16:19.377Z,rabbitmq-5cdf8f76b7-ftmdd,rabbitmq,0.616291906,121.960938
2026-09-09T21:16:19.377Z,worker-56d7bdf6b4-8hz8f,worker,0.136999855,66.847656
2026-09-09T21:16:24.378Z,api-6b9869b78-28xn9,api,0.020310656,93.402344
2026-09-09T21:16:24.378Z,jaeger-7cc9b664cc-6bwgk,jaeger,0.001949585,15.839844
2026-09-09T21:16:24.378Z,k6-c1-run-1-22rps-ffkqm,k6,0.04825581,67.949219
2026-09-09T21:16:24.378Z,otel-collector-7c765745bf-x2wsq,otel-collector,0.002116961,16.835938
2026-09-09T21:16:24.378Z,postgres-676cc4986c-8r7v5,postgres,0.082596693,71.050781
2026-09-09T21:16:24.378Z,prometheus-59f5cf7468-qk6t6,prometheus,0.000778197,18.707031
2026-09-09T21:16:24.378Z,rabbitmq-5cdf8f76b7-ftmdd,rabbitmq,0.543162707,195.25
2026-09-09T21:16:24.378Z,worker-56d7bdf6b4-8hz8f,worker,0.001491693,66.847656
2026-09-09T21:16:29.378Z,api-6b9869b78-28xn9,api,0.020310656,93.402344
2026-09-09T21:16:29.378Z,jaeger-7cc9b664cc-6bwgk,jaeger,0.001949585,15.839844
2026-09-09T21:16:29.378Z,k6-c1-run-1-22rps-ffkqm,k6,0.04825581,67.949219
2026-09-09T21:16:29.378Z,otel-collector-7c765745bf-x2wsq,otel-collector,0.002116961,16.835938
2026-09-09T21:16:29.378Z,postgres-676cc4986c-8r7v5,postgres,0.082596693,71.050781
2026-09-09T21:16:29.378Z,prometheus-59f5cf7468-qk6t6,prometheus,0.000778197,18.707031
2026-09-09T21:16:29.378Z,rabbitmq-5cdf8f76b7-ftmdd,rabbitmq,0.543162707,195.25
2026-09-09T21:16:29.378Z,worker-56d7bdf6b4-8hz8f,worker,0.001491693,66.847656
2026-09-09T21:16:34.378Z,api-6b9869b78-28xn9,api,0.020310656,93.402344
2026-09-09T21:16:34.378Z,jaeger-7cc9b664cc-6bwgk,jaeger,0.001949585,15.839844
2026-09-09T21:16:34.378Z,k6-c1-run-1-22rps-ffkqm,k6,0.04825581,67.949219
2026-09-09T21:16:34.378Z,otel-collector-7c765745bf-x2wsq,otel-collector,0.002116961,16.835938
2026-09-09T21:16:34.378Z,postgres-676cc4986c-8r7v5,postgres,0.082596693,71.050781
2026-09-09T21:16:34.378Z,prometheus-59f5cf7468-qk6t6,prometheus,0.000778197,18.707031
2026-09-09T21:16:34.378Z,rabbitmq-5cdf8f76b7-ftmdd,rabbitmq,0.543162707,195.25
2026-09-09T21:16:34.378Z,worker-56d7bdf6b4-8hz8f,worker,0.001491693,66.847656
2026-09-09T21:16:39.379Z,api-6b9869b78-28xn9,api,0.045843921,96.519531
2026-09-09T21:16:39.379Z,jaeger-7cc9b664cc-6bwgk,jaeger,0.001805209,15.839844
2026-09-09T21:16:39.379Z,k6-c1-run-1-22rps-ffkqm,k6,0.02722766,83.015625
2026-09-09T21:16:39.379Z,otel-collector-7c765745bf-x2wsq,otel-collector,0.001702762,16.835938
2026-09-09T21:16:39.379Z,postgres-676cc4986c-8r7v5,postgres,0.017023838,71.367188
2026-09-09T21:16:39.379Z,prometheus-59f5cf7468-qk6t6,prometheus,0.001231697,18.703125
2026-09-09T21:16:39.379Z,rabbitmq-5cdf8f76b7-ftmdd,rabbitmq,0.459564365,255.175781
2026-09-09T21:16:39.379Z,worker-56d7bdf6b4-8hz8f,worker,0.01555828,66.847656
2026-09-09T21:16:44.379Z,api-6b9869b78-28xn9,api,0.045843921,96.519531
2026-09-09T21:16:44.379Z,jaeger-7cc9b664cc-6bwgk,jaeger,0.001805209,15.839844
2026-09-09T21:16:44.379Z,k6-c1-run-1-22rps-ffkqm,k6,0.02722766,83.015625
2026-09-09T21:16:44.379Z,otel-collector-7c765745bf-x2wsq,otel-collector,0.001702762,16.835938
2026-09-09T21:16:44.379Z,postgres-676cc4986c-8r7v5,postgres,0.017023838,71.367188
2026-09-09T21:16:44.379Z,prometheus-59f5cf7468-qk6t6,prometheus,0.001231697,18.703125
2026-09-09T21:16:44.379Z,rabbitmq-5cdf8f76b7-ftmdd,rabbitmq,0.459564365,255.175781
2026-09-09T21:16:44.379Z,worker-56d7bdf6b4-8hz8f,worker,0.01555828,66.847656
2026-09-09T21:16:49.380Z,api-6b9869b78-28xn9,api,0.045843921,96.519531
2026-09-09T21:16:49.380Z,jaeger-7cc9b664cc-6bwgk,jaeger,0.001805209,15.839844
2026-09-09T21:16:49.380Z,k6-c1-run-1-22rps-ffkqm,k6,0.02722766,83.015625
2026-09-09T21:16:49.380Z,otel-collector-7c765745bf-x2wsq,otel-collector,0.001702762,16.835938
2026-09-09T21:16:49.380Z,postgres-676cc4986c-8r7v5,postgres,0.017023838,71.367188
2026-09-09T21:16:49.380Z,prometheus-59f5cf7468-qk6t6,prometheus,0.001231697,18.703125
2026-09-09T21:16:49.380Z,rabbitmq-5cdf8f76b7-ftmdd,rabbitmq,0.459564365,255.175781
2026-09-09T21:16:49.380Z,worker-56d7bdf6b4-8hz8f,worker,0.01555828,66.847656
2026-09-09T21:16:54.380Z,api-6b9869b78-28xn9,api,0.045843921,96.519531
2026-09-09T21:16:54.380Z,jaeger-7cc9b664cc-6bwgk,jaeger,0.001718291,15.847656
2026-09-09T21:16:54.380Z,k6-c1-run-1-22rps-ffkqm,k6,0.016204072,86.664062
2026-09-09T21:16:54.380Z,otel-collector-7c765745bf-x2wsq,otel-collector,0.002125814,16.894531
2026-09-09T21:16:54.380Z,postgres-676cc4986c-8r7v5,postgres,0.019333299,71.144531
2026-09-09T21:16:54.380Z,prometheus-59f5cf7468-qk6t6,prometheus,0.000737711,18.703125
2026-09-09T21:16:54.380Z,rabbitmq-5cdf8f76b7-ftmdd,rabbitmq,0.459564365,255.175781
2026-09-09T21:16:54.380Z,worker-56d7bdf6b4-8hz8f,worker,0.001467198,66.847656
2026-09-09T21:16:59.381Z,api-6b9869b78-28xn9,api,0.045843921,96.519531
2026-09-09T21:16:59.381Z,jaeger-7cc9b664cc-6bwgk,jaeger,0.001718291,15.847656
2026-09-09T21:16:59.381Z,k6-c1-run-1-22rps-ffkqm,k6,0.016204072,86.664062
2026-09-09T21:16:59.381Z,otel-collector-7c765745bf-x2wsq,otel-collector,0.002125814,16.894531
2026-09-09T21:16:59.381Z,postgres-676cc4986c-8r7v5,postgres,0.019333299,71.144531
2026-09-09T21:16:59.381Z,prometheus-59f5cf7468-qk6t6,prometheus,0.000737711,18.703125
2026-09-09T21:16:59.381Z,rabbitmq-5cdf8f76b7-ftmdd,rabbitmq,0.459564365,255.175781
2026-09-09T21:16:59.381Z,worker-56d7bdf6b4-8hz8f,worker,0.001467198,66.847656
2026-09-09T21:17:04.381Z,api-6b9869b78-28xn9,api,0.045843921,96.519531
2026-09-09T21:17:04.381Z,jaeger-7cc9b664cc-6bwgk,jaeger,0.001718291,15.847656
2026-09-09T21:17:04.381Z,k6-c1-run-1-22rps-ffkqm,k6,0.016204072,86.664062
2026-09-09T21:17:04.381Z,otel-collector-7c765745bf-x2wsq,otel-collector,0.002125814,16.894531
2026-09-09T21:17:04.381Z,postgres-676cc4986c-8r7v5,postgres,0.019333299,71.144531
2026-09-09T21:17:04.381Z,prometheus-59f5cf7468-qk6t6,prometheus,0.000737711,18.703125
2026-09-09T21:17:04.381Z,rabbitmq-5cdf8f76b7-ftmdd,rabbitmq,0.459564365,255.175781
2026-09-09T21:17:04.381Z,worker-56d7bdf6b4-8hz8f,worker,0.001467198,66.847656
2026-09-09T21:17:09.381Z,api-6b9869b78-28xn9,api,0.00436503,96.5625
2026-09-09T21:17:09.381Z,jaeger-7cc9b664cc-6bwgk,jaeger,0.002162001,15.855469
2026-09-09T21:17:09.381Z,k6-c1-run-1-22rps-ffkqm,k6,0.030180897,88.640625
2026-09-09T21:17:09.381Z,otel-collector-7c765745bf-x2wsq,otel-collector,0.00203234,16.90625
2026-09-09T21:17:09.381Z,postgres-676cc4986c-8r7v5,postgres,0.013302984,71.113281
2026-09-09T21:17:09.381Z,prometheus-59f5cf7468-qk6t6,prometheus,0.000629825,18.703125
2026-09-09T21:17:09.381Z,rabbitmq-5cdf8f76b7-ftmdd,rabbitmq,0.526328575,194.449219
2026-09-09T21:17:09.381Z,worker-56d7bdf6b4-8hz8f,worker,0.002395288,66.847656
2026-09-09T21:17:14.382Z,api-6b9869b78-28xn9,api,0.00436503,96.5625
2026-09-09T21:17:14.382Z,jaeger-7cc9b664cc-6bwgk,jaeger,0.002162001,15.855469
2026-09-09T21:17:14.382Z,k6-c1-run-1-22rps-ffkqm,k6,0.030180897,88.640625
2026-09-09T21:17:14.382Z,otel-collector-7c765745bf-x2wsq,otel-collector,0.00203234,16.90625
2026-09-09T21:17:14.382Z,postgres-676cc4986c-8r7v5,postgres,0.013302984,71.113281
2026-09-09T21:17:14.382Z,prometheus-59f5cf7468-qk6t6,prometheus,0.000629825,18.703125
2026-09-09T21:17:14.382Z,rabbitmq-5cdf8f76b7-ftmdd,rabbitmq,0.526328575,194.449219
2026-09-09T21:17:14.382Z,worker-56d7bdf6b4-8hz8f,worker,0.002395288,66.847656
2026-09-09T21:17:19.382Z,api-6b9869b78-28xn9,api,0.00436503,96.5625
2026-09-09T21:17:19.382Z,jaeger-7cc9b664cc-6bwgk,jaeger,0.002162001,15.855469
2026-09-09T21:17:19.382Z,k6-c1-run-1-22rps-ffkqm,k6,0.030180897,88.640625
2026-09-09T21:17:19.382Z,otel-collector-7c765745bf-x2wsq,otel-collector,0.00203234,16.90625
2026-09-09T21:17:19.382Z,postgres-676cc4986c-8r7v5,postgres,0.013302984,71.113281
2026-09-09T21:17:19.382Z,prometheus-59f5cf7468-qk6t6,prometheus,0.000629825,18.703125
2026-09-09T21:17:19.382Z,rabbitmq-5cdf8f76b7-ftmdd,rabbitmq,0.526328575,194.449219
2026-09-09T21:17:19.382Z,worker-56d7bdf6b4-8hz8f,worker,0.002395288,66.847656
