timestamp,hpa,target_kind,target_name,current_replicas,desired_replicas,min_replicas,max_replicas,current_cpu_utilization,target_cpu_utilization,last_scale_time,scale_up_stabilization_seconds,scale_up_select_policy,scale_up_policies,scale_down_stabilization_seconds,scale_down_select_policy,scale_down_policies,able_to_scale_status,able_to_scale_reason,able_to_scale_message,scaling_active_status,scaling_active_reason,scaling_active_message,scaling_limited_status,scaling_limited_reason,scaling_limited_message
2026-09-17T17:28:56.379Z,api-hpa,Deployment,api,2,1,1,5,5,70,2026-09-17T17:28:50Z,0,Max,"[{""periodSeconds"": 15, ""type"": ""Pods"", ""value"": 4}, {""periodSeconds"": 15, ""type"": ""Percent"", ""value"": 400}]",120,Min,"[{""periodSeconds"": 60, ""type"": ""Pods"", ""value"": 1}]",True,SucceededRescale,the HPA controller was able to update the target scale to 1,True,ValidMetricFound,the HPA was able to successfully calculate a replica count from cpu resource utilization (percentage of request),False,DesiredWithinRange,the desired count is within the acceptable range
2026-09-17T17:29:01.380Z,api-hpa,Deployment,api,2,1,1,5,5,70,2026-09-17T17:28:50Z,0,Max,"[{""periodSeconds"": 15, ""type"": ""Pods"", ""value"": 4}, {""periodSeconds"": 15, ""type"": ""Percent"", ""value"": 400}]",120,Min,"[{""periodSeconds"": 60, ""type"": ""Pods"", ""value"": 1}]",True,SucceededRescale,the HPA controller was able to update the target scale to 1,True,ValidMetricFound,the HPA was able to successfully calculate a replica count from cpu resource utilization (percentage of request),False,DesiredWithinRange,the desired count is within the acceptable range
2026-09-17T17:29:06.380Z,api-hpa,Deployment,api,1,1,1,5,6,70,2026-09-17T17:28:50Z,0,Max,"[{""periodSeconds"": 15, ""type"": ""Pods"", ""value"": 4}, {""periodSeconds"": 15, ""type"": ""Percent"", ""value"": 400}]",120,Min,"[{""periodSeconds"": 60, ""type"": ""Pods"", ""value"": 1}]",True,ReadyForNewScale,recommended size matches current size,True,ValidMetricFound,the HPA was able to successfully calculate a replica count from cpu resource utilization (percentage of request),False,DesiredWithinRange,the desired count is within the acceptable range
2026-09-17T17:29:11.381Z,api-hpa,Deployment,api,1,1,1,5,6,70,2026-09-17T17:28:50Z,0,Max,"[{""periodSeconds"": 15, ""type"": ""Pods"", ""value"": 4}, {""periodSeconds"": 15, ""type"": ""Percent"", ""value"": 400}]",120,Min,"[{""periodSeconds"": 60, ""type"": ""Pods"", ""value"": 1}]",True,ReadyForNewScale,recommended size matches current size,True,ValidMetricFound,the HPA was able to successfully calculate a replica count from cpu resource utilization (percentage of request),False,DesiredWithinRange,the desired count is within the acceptable range
2026-09-17T17:29:16.381Z,api-hpa,Deployment,api,1,1,1,5,6,70,2026-09-17T17:28:50Z,0,Max,"[{""periodSeconds"": 15, ""type"": ""Pods"", ""value"": 4}, {""periodSeconds"": 15, ""type"": ""Percent"", ""value"": 400}]",120,Min,"[{""periodSeconds"": 60, ""type"": ""Pods"", ""value"": 1}]",True,ReadyForNewScale,recommended size matches current size,True,ValidMetricFound,the HPA was able to successfully calculate a replica count from cpu resource utilization (percentage of request),False,DesiredWithinRange,the desired count is within the acceptable range
2026-09-17T17:29:21.381Z,api-hpa,Deployment,api,1,1,1,5,6,70,2026-09-17T17:28:50Z,0,Max,"[{""periodSeconds"": 15, ""type"": ""Pods"", ""value"": 4}, {""periodSeconds"": 15, ""type"": ""Percent"", ""value"": 400}]",120,Min,"[{""periodSeconds"": 60, ""type"": ""Pods"", ""value"": 1}]",True,ReadyForNewScale,recommended size matches current size,True,ValidMetricFound,the HPA was able to successfully calculate a replica count from cpu resource utilization (percentage of request),False,DesiredWithinRange,the desired count is within the acceptable range
2026-09-17T17:29:26.382Z,api-hpa,Deployment,api,1,1,1,5,6,70,2026-09-17T17:28:50Z,0,Max,"[{""periodSeconds"": 15, ""type"": ""Pods"", ""value"": 4}, {""periodSeconds"": 15, ""type"": ""Percent"", ""value"": 400}]",120,Min,"[{""periodSeconds"": 60, ""type"": ""Pods"", ""value"": 1}]",True,ReadyForNewScale,recommended size matches current size,True,ValidMetricFound,the HPA was able to successfully calculate a replica count from cpu resource utilization (percentage of request),False,DesiredWithinRange,the desired count is within the acceptable range
2026-09-17T17:29:31.382Z,api-hpa,Deployment,api,1,1,1,5,6,70,2026-09-17T17:28:50Z,0,Max,"[{""periodSeconds"": 15, ""type"": ""Pods"", ""value"": 4}, {""periodSeconds"": 15, ""type"": ""Percent"", ""value"": 400}]",120,Min,"[{""periodSeconds"": 60, ""type"": ""Pods"", ""value"": 1}]",True,ReadyForNewScale,recommended size matches current size,True,ValidMetricFound,the HPA was able to successfully calculate a replica count from cpu resource utilization (percentage of request),False,DesiredWithinRange,the desired count is within the acceptable range
2026-09-17T17:29:36.382Z,api-hpa,Deployment,api,1,1,1,5,6,70,2026-09-17T17:28:50Z,0,Max,"[{""periodSeconds"": 15, ""type"": ""Pods"", ""value"": 4}, {""periodSeconds"": 15, ""type"": ""Percent"", ""value"": 400}]",120,Min,"[{""periodSeconds"": 60, ""type"": ""Pods"", ""value"": 1}]",True,ReadyForNewScale,recommended size matches current size,True,ValidMetricFound,the HPA was able to successfully calculate a replica count from cpu resource utilization (percentage of request),False,DesiredWithinRange,the desired count is within the acceptable range
2026-09-17T17:29:41.383Z,api-hpa,Deployment,api,1,1,1,5,6,70,2026-09-17T17:28:50Z,0,Max,"[{""periodSeconds"": 15, ""type"": ""Pods"", ""value"": 4}, {""periodSeconds"": 15, ""type"": ""Percent"", ""value"": 400}]",120,Min,"[{""periodSeconds"": 60, ""type"": ""Pods"", ""value"": 1}]",True,ReadyForNewScale,recommended size matches current size,True,ValidMetricFound,the HPA was able to successfully calculate a replica count from cpu resource utilization (percentage of request),False,DesiredWithinRange,the desired count is within the acceptable range
2026-09-17T17:29:46.383Z,api-hpa,Deployment,api,1,1,1,5,6,70,2026-09-17T17:28:50Z,0,Max,"[{""periodSeconds"": 15, ""type"": ""Pods"", ""value"": 4}, {""periodSeconds"": 15, ""type"": ""Percent"", ""value"": 400}]",120,Min,"[{""periodSeconds"": 60, ""type"": ""Pods"", ""value"": 1}]",True,ReadyForNewScale,recommended size matches current size,True,ValidMetricFound,the HPA was able to successfully calculate a replica count from cpu resource utilization (percentage of request),False,DesiredWithinRange,the desired count is within the acceptable range
2026-09-17T17:29:51.384Z,api-hpa,Deployment,api,1,1,1,5,6,70,2026-09-17T17:28:50Z,0,Max,"[{""periodSeconds"": 15, ""type"": ""Pods"", ""value"": 4}, {""periodSeconds"": 15, ""type"": ""Percent"", ""value"": 400}]",120,Min,"[{""periodSeconds"": 60, ""type"": ""Pods"", ""value"": 1}]",True,ReadyForNewScale,recommended size matches current size,True,ValidMetricFound,the HPA was able to successfully calculate a replica count from cpu resource utilization (percentage of request),False,DesiredWithinRange,the desired count is within the acceptable range
2026-09-17T17:29:56.384Z,api-hpa,Deployment,api,1,1,1,5,6,70,2026-09-17T17:28:50Z,0,Max,"[{""periodSeconds"": 15, ""type"": ""Pods"", ""value"": 4}, {""periodSeconds"": 15, ""type"": ""Percent"", ""value"": 400}]",120,Min,"[{""periodSeconds"": 60, ""type"": ""Pods"", ""value"": 1}]",True,ReadyForNewScale,recommended size matches current size,True,ValidMetricFound,the HPA was able to successfully calculate a replica count from cpu resource utilization (percentage of request),False,DesiredWithinRange,the desired count is within the acceptable range
2026-09-17T17:30:01.384Z,api-hpa,Deployment,api,1,1,1,5,6,70,2026-09-17T17:28:50Z,0,Max,"[{""periodSeconds"": 15, ""type"": ""Pods"", ""value"": 4}, {""periodSeconds"": 15, ""type"": ""Percent"", ""value"": 400}]",120,Min,"[{""periodSeconds"": 60, ""type"": ""Pods"", ""value"": 1}]",True,ReadyForNewScale,recommended size matches current size,True,ValidMetricFound,the HPA was able to successfully calculate a replica count from cpu resource utilization (percentage of request),False,DesiredWithinRange,the desired count is within the acceptable range
2026-09-17T17:30:06.385Z,api-hpa,Deployment,api,1,1,1,5,6,70,2026-09-17T17:28:50Z,0,Max,"[{""periodSeconds"": 15, ""type"": ""Pods"", ""value"": 4}, {""periodSeconds"": 15, ""type"": ""Percent"", ""value"": 400}]",120,Min,"[{""periodSeconds"": 60, ""type"": ""Pods"", ""value"": 1}]",True,ReadyForNewScale,recommended size matches current size,True,ValidMetricFound,the HPA was able to successfully calculate a replica count from cpu resource utilization (percentage of request),False,DesiredWithinRange,the desired count is within the acceptable range
2026-09-17T17:30:11.385Z,api-hpa,Deployment,api,1,1,1,5,6,70,2026-09-17T17:28:50Z,0,Max,"[{""periodSeconds"": 15, ""type"": ""Pods"", ""value"": 4}, {""periodSeconds"": 15, ""type"": ""Percent"", ""value"": 400}]",120,Min,"[{""periodSeconds"": 60, ""type"": ""Pods"", ""value"": 1}]",True,ReadyForNewScale,recommended size matches current size,True,ValidMetricFound,the HPA was able to successfully calculate a replica count from cpu resource utilization (percentage of request),False,DesiredWithinRange,the desired count is within the acceptable range
2026-09-17T17:30:16.385Z,api-hpa,Deployment,api,1,1,1,5,6,70,2026-09-17T17:28:50Z,0,Max,"[{""periodSeconds"": 15, ""type"": ""Pods"", ""value"": 4}, {""periodSeconds"": 15, ""type"": ""Percent"", ""value"": 400}]",120,Min,"[{""periodSeconds"": 60, ""type"": ""Pods"", ""value"": 1}]",True,ReadyForNewScale,recommended size matches current size,True,ValidMetricFound,the HPA was able to successfully calculate a replica count from cpu resource utilization (percentage of request),False,DesiredWithinRange,the desired count is within the acceptable range
2026-09-17T17:30:21.385Z,api-hpa,Deployment,api,1,1,1,5,23,70,2026-09-17T17:28:50Z,0,Max,"[{""periodSeconds"": 15, ""type"": ""Pods"", ""value"": 4}, {""periodSeconds"": 15, ""type"": ""Percent"", ""value"": 400}]",120,Min,"[{""periodSeconds"": 60, ""type"": ""Pods"", ""value"": 1}]",True,ReadyForNewScale,recommended size matches current size,True,ValidMetricFound,the HPA was able to successfully calculate a replica count from cpu resource utilization (percentage of request),False,DesiredWithinRange,the desired count is within the acceptable range
2026-09-17T17:30:26.386Z,api-hpa,Deployment,api,1,1,1,5,23,70,2026-09-17T17:28:50Z,0,Max,"[{""periodSeconds"": 15, ""type"": ""Pods"", ""value"": 4}, {""periodSeconds"": 15, ""type"": ""Percent"", ""value"": 400}]",120,Min,"[{""periodSeconds"": 60, ""type"": ""Pods"", ""value"": 1}]",True,ReadyForNewScale,recommended size matches current size,True,ValidMetricFound,the HPA was able to successfully calculate a replica count from cpu resource utilization (percentage of request),False,DesiredWithinRange,the desired count is within the acceptable range
2026-09-17T17:30:31.386Z,api-hpa,Deployment,api,1,1,1,5,23,70,2026-09-17T17:28:50Z,0,Max,"[{""periodSeconds"": 15, ""type"": ""Pods"", ""value"": 4}, {""periodSeconds"": 15, ""type"": ""Percent"", ""value"": 400}]",120,Min,"[{""periodSeconds"": 60, ""type"": ""Pods"", ""value"": 1}]",True,ReadyForNewScale,recommended size matches current size,True,ValidMetricFound,the HPA was able to successfully calculate a replica count from cpu resource utilization (percentage of request),False,DesiredWithinRange,the desired count is within the acceptable range
2026-09-17T17:30:36.386Z,api-hpa,Deployment,api,1,5,1,5,325,70,2026-09-17T17:30:35Z,0,Max,"[{""periodSeconds"": 15, ""type"": ""Pods"", ""value"": 4}, {""periodSeconds"": 15, ""type"": ""Percent"", ""value"": 400}]",120,Min,"[{""periodSeconds"": 60, ""type"": ""Pods"", ""value"": 1}]",True,SucceededRescale,the HPA controller was able to update the target scale to 5,True,ValidMetricFound,the HPA was able to successfully calculate a replica count from cpu resource utilization (percentage of request),False,DesiredWithinRange,the desired count is within the acceptable range
2026-09-17T17:30:41.387Z,api-hpa,Deployment,api,1,5,1,5,325,70,2026-09-17T17:30:35Z,0,Max,"[{""periodSeconds"": 15, ""type"": ""Pods"", ""value"": 4}, {""periodSeconds"": 15, ""type"": ""Percent"", ""value"": 400}]",120,Min,"[{""periodSeconds"": 60, ""type"": ""Pods"", ""value"": 1}]",True,SucceededRescale,the HPA controller was able to update the target scale to 5,True,ValidMetricFound,the HPA was able to successfully calculate a replica count from cpu resource utilization (percentage of request),False,DesiredWithinRange,the desired count is within the acceptable range
2026-09-17T17:30:46.387Z,api-hpa,Deployment,api,1,5,1,5,325,70,2026-09-17T17:30:35Z,0,Max,"[{""periodSeconds"": 15, ""type"": ""Pods"", ""value"": 4}, {""periodSeconds"": 15, ""type"": ""Percent"", ""value"": 400}]",120,Min,"[{""periodSeconds"": 60, ""type"": ""Pods"", ""value"": 1}]",True,SucceededRescale,the HPA controller was able to update the target scale to 5,True,ValidMetricFound,the HPA was able to successfully calculate a replica count from cpu resource utilization (percentage of request),False,DesiredWithinRange,the desired count is within the acceptable range
2026-09-17T17:30:51.387Z,api-hpa,Deployment,api,5,5,1,5,362,70,2026-09-17T17:30:35Z,0,Max,"[{""periodSeconds"": 15, ""type"": ""Pods"", ""value"": 4}, {""periodSeconds"": 15, ""type"": ""Percent"", ""value"": 400}]",120,Min,"[{""periodSeconds"": 60, ""type"": ""Pods"", ""value"": 1}]",True,ReadyForNewScale,recommended size matches current size,True,ValidMetricFound,the HPA was able to successfully calculate a replica count from cpu resource utilization (percentage of request),False,DesiredWithinRange,the desired count is within the acceptable range
2026-09-17T17:30:56.388Z,api-hpa,Deployment,api,5,5,1,5,362,70,2026-09-17T17:30:35Z,0,Max,"[{""periodSeconds"": 15, ""type"": ""Pods"", ""value"": 4}, {""periodSeconds"": 15, ""type"": ""Percent"", ""value"": 400}]",120,Min,"[{""periodSeconds"": 60, ""type"": ""Pods"", ""value"": 1}]",True,ReadyForNewScale,recommended size matches current size,True,ValidMetricFound,the HPA was able to successfully calculate a replica count from cpu resource utilization (percentage of request),False,DesiredWithinRange,the desired count is within the acceptable range
2026-09-17T17:31:01.388Z,api-hpa,Deployment,api,5,5,1,5,362,70,2026-09-17T17:30:35Z,0,Max,"[{""periodSeconds"": 15, ""type"": ""Pods"", ""value"": 4}, {""periodSeconds"": 15, ""type"": ""Percent"", ""value"": 400}]",120,Min,"[{""periodSeconds"": 60, ""type"": ""Pods"", ""value"": 1}]",True,ReadyForNewScale,recommended size matches current size,True,ValidMetricFound,the HPA was able to successfully calculate a replica count from cpu resource utilization (percentage of request),False,DesiredWithinRange,the desired count is within the acceptable range
2026-09-17T17:31:06.389Z,api-hpa,Deployment,api,5,5,1,5,364,70,2026-09-17T17:30:35Z,0,Max,"[{""periodSeconds"": 15, ""type"": ""Pods"", ""value"": 4}, {""periodSeconds"": 15, ""type"": ""Percent"", ""value"": 400}]",120,Min,"[{""periodSeconds"": 60, ""type"": ""Pods"", ""value"": 1}]",True,ReadyForNewScale,recommended size matches current size,True,ValidMetricFound,the HPA was able to successfully calculate a replica count from cpu resource utilization (percentage of request),False,DesiredWithinRange,the desired count is within the acceptable range
2026-09-17T17:31:11.389Z,api-hpa,Deployment,api,5,5,1,5,364,70,2026-09-17T17:30:35Z,0,Max,"[{""periodSeconds"": 15, ""type"": ""Pods"", ""value"": 4}, {""periodSeconds"": 15, ""type"": ""Percent"", ""value"": 400}]",120,Min,"[{""periodSeconds"": 60, ""type"": ""Pods"", ""value"": 1}]",True,ReadyForNewScale,recommended size matches current size,True,ValidMetricFound,the HPA was able to successfully calculate a replica count from cpu resource utilization (percentage of request),False,DesiredWithinRange,the desired count is within the acceptable range
2026-09-17T17:31:16.390Z,api-hpa,Deployment,api,5,5,1,5,364,70,2026-09-17T17:30:35Z,0,Max,"[{""periodSeconds"": 15, ""type"": ""Pods"", ""value"": 4}, {""periodSeconds"": 15, ""type"": ""Percent"", ""value"": 400}]",120,Min,"[{""periodSeconds"": 60, ""type"": ""Pods"", ""value"": 1}]",True,ReadyForNewScale,recommended size matches current size,True,ValidMetricFound,the HPA was able to successfully calculate a replica count from cpu resource utilization (percentage of request),False,DesiredWithinRange,the desired count is within the acceptable range
2026-09-17T17:31:21.390Z,api-hpa,Deployment,api,5,5,1,5,121,70,2026-09-17T17:30:35Z,0,Max,"[{""periodSeconds"": 15, ""type"": ""Pods"", ""value"": 4}, {""periodSeconds"": 15, ""type"": ""Percent"", ""value"": 400}]",120,Min,"[{""periodSeconds"": 60, ""type"": ""Pods"", ""value"": 1}]",True,ReadyForNewScale,recommended size matches current size,True,ValidMetricFound,the HPA was able to successfully calculate a replica count from cpu resource utilization (percentage of request),False,DesiredWithinRange,the desired count is within the acceptable range
2026-09-17T17:31:26.390Z,api-hpa,Deployment,api,5,5,1,5,121,70,2026-09-17T17:30:35Z,0,Max,"[{""periodSeconds"": 15, ""type"": ""Pods"", ""value"": 4}, {""periodSeconds"": 15, ""type"": ""Percent"", ""value"": 400}]",120,Min,"[{""periodSeconds"": 60, ""type"": ""Pods"", ""value"": 1}]",True,ReadyForNewScale,recommended size matches current size,True,ValidMetricFound,the HPA was able to successfully calculate a replica count from cpu resource utilization (percentage of request),False,DesiredWithinRange,the desired count is within the acceptable range
2026-09-17T17:31:31.390Z,api-hpa,Deployment,api,5,5,1,5,121,70,2026-09-17T17:30:35Z,0,Max,"[{""periodSeconds"": 15, ""type"": ""Pods"", ""value"": 4}, {""periodSeconds"": 15, ""type"": ""Percent"", ""value"": 400}]",120,Min,"[{""periodSeconds"": 60, ""type"": ""Pods"", ""value"": 1}]",True,ReadyForNewScale,recommended size matches current size,True,ValidMetricFound,the HPA was able to successfully calculate a replica count from cpu resource utilization (percentage of request),False,DesiredWithinRange,the desired count is within the acceptable range
2026-09-17T17:31:36.391Z,api-hpa,Deployment,api,5,5,1,5,44,70,2026-09-17T17:30:35Z,0,Max,"[{""periodSeconds"": 15, ""type"": ""Pods"", ""value"": 4}, {""periodSeconds"": 15, ""type"": ""Percent"", ""value"": 400}]",120,Min,"[{""periodSeconds"": 60, ""type"": ""Pods"", ""value"": 1}]",True,ScaleDownStabilized,"recent recommendations were higher than current one, applying the highest recent recommendation",True,ValidMetricFound,the HPA was able to successfully calculate a replica count from cpu resource utilization (percentage of request),False,DesiredWithinRange,the desired count is within the acceptable range
2026-09-17T17:31:41.391Z,api-hpa,Deployment,api,5,5,1,5,44,70,2026-09-17T17:30:35Z,0,Max,"[{""periodSeconds"": 15, ""type"": ""Pods"", ""value"": 4}, {""periodSeconds"": 15, ""type"": ""Percent"", ""value"": 400}]",120,Min,"[{""periodSeconds"": 60, ""type"": ""Pods"", ""value"": 1}]",True,ScaleDownStabilized,"recent recommendations were higher than current one, applying the highest recent recommendation",True,ValidMetricFound,the HPA was able to successfully calculate a replica count from cpu resource utilization (percentage of request),False,DesiredWithinRange,the desired count is within the acceptable range
2026-09-17T17:31:46.392Z,api-hpa,Deployment,api,5,5,1,5,44,70,2026-09-17T17:30:35Z,0,Max,"[{""periodSeconds"": 15, ""type"": ""Pods"", ""value"": 4}, {""periodSeconds"": 15, ""type"": ""Percent"", ""value"": 400}]",120,Min,"[{""periodSeconds"": 60, ""type"": ""Pods"", ""value"": 1}]",True,ScaleDownStabilized,"recent recommendations were higher than current one, applying the highest recent recommendation",True,ValidMetricFound,the HPA was able to successfully calculate a replica count from cpu resource utilization (percentage of request),False,DesiredWithinRange,the desired count is within the acceptable range
2026-09-17T17:31:51.392Z,api-hpa,Deployment,api,5,5,1,5,18,70,2026-09-17T17:30:35Z,0,Max,"[{""periodSeconds"": 15, ""type"": ""Pods"", ""value"": 4}, {""periodSeconds"": 15, ""type"": ""Percent"", ""value"": 400}]",120,Min,"[{""periodSeconds"": 60, ""type"": ""Pods"", ""value"": 1}]",True,ScaleDownStabilized,"recent recommendations were higher than current one, applying the highest recent recommendation",True,ValidMetricFound,the HPA was able to successfully calculate a replica count from cpu resource utilization (percentage of request),False,DesiredWithinRange,the desired count is within the acceptable range
2026-09-17T17:31:56.392Z,api-hpa,Deployment,api,5,5,1,5,18,70,2026-09-17T17:30:35Z,0,Max,"[{""periodSeconds"": 15, ""type"": ""Pods"", ""value"": 4}, {""periodSeconds"": 15, ""type"": ""Percent"", ""value"": 400}]",120,Min,"[{""periodSeconds"": 60, ""type"": ""Pods"", ""value"": 1}]",True,ScaleDownStabilized,"recent recommendations were higher than current one, applying the highest recent recommendation",True,ValidMetricFound,the HPA was able to successfully calculate a replica count from cpu resource utilization (percentage of request),False,DesiredWithinRange,the desired count is within the acceptable range
2026-09-17T17:32:01.393Z,api-hpa,Deployment,api,5,5,1,5,18,70,2026-09-17T17:30:35Z,0,Max,"[{""periodSeconds"": 15, ""type"": ""Pods"", ""value"": 4}, {""periodSeconds"": 15, ""type"": ""Percent"", ""value"": 400}]",120,Min,"[{""periodSeconds"": 60, ""type"": ""Pods"", ""value"": 1}]",True,ScaleDownStabilized,"recent recommendations were higher than current one, applying the highest recent recommendation",True,ValidMetricFound,the HPA was able to successfully calculate a replica count from cpu resource utilization (percentage of request),False,DesiredWithinRange,the desired count is within the acceptable range
2026-09-17T17:32:06.393Z,api-hpa,Deployment,api,5,5,1,5,4,70,2026-09-17T17:30:35Z,0,Max,"[{""periodSeconds"": 15, ""type"": ""Pods"", ""value"": 4}, {""periodSeconds"": 15, ""type"": ""Percent"", ""value"": 400}]",120,Min,"[{""periodSeconds"": 60, ""type"": ""Pods"", ""value"": 1}]",True,ScaleDownStabilized,"recent recommendations were higher than current one, applying the highest recent recommendation",True,ValidMetricFound,the HPA was able to successfully calculate a replica count from cpu resource utilization (percentage of request),False,DesiredWithinRange,the desired count is within the acceptable range
2026-09-17T17:32:11.393Z,api-hpa,Deployment,api,5,5,1,5,4,70,2026-09-17T17:30:35Z,0,Max,"[{""periodSeconds"": 15, ""type"": ""Pods"", ""value"": 4}, {""periodSeconds"": 15, ""type"": ""Percent"", ""value"": 400}]",120,Min,"[{""periodSeconds"": 60, ""type"": ""Pods"", ""value"": 1}]",True,ScaleDownStabilized,"recent recommendations were higher than current one, applying the highest recent recommendation",True,ValidMetricFound,the HPA was able to successfully calculate a replica count from cpu resource utilization (percentage of request),False,DesiredWithinRange,the desired count is within the acceptable range
2026-09-17T17:32:16.394Z,api-hpa,Deployment,api,5,5,1,5,4,70,2026-09-17T17:30:35Z,0,Max,"[{""periodSeconds"": 15, ""type"": ""Pods"", ""value"": 4}, {""periodSeconds"": 15, ""type"": ""Percent"", ""value"": 400}]",120,Min,"[{""periodSeconds"": 60, ""type"": ""Pods"", ""value"": 1}]",True,ScaleDownStabilized,"recent recommendations were higher than current one, applying the highest recent recommendation",True,ValidMetricFound,the HPA was able to successfully calculate a replica count from cpu resource utilization (percentage of request),False,DesiredWithinRange,the desired count is within the acceptable range
2026-09-17T17:32:21.394Z,api-hpa,Deployment,api,5,5,1,5,4,70,2026-09-17T17:30:35Z,0,Max,"[{""periodSeconds"": 15, ""type"": ""Pods"", ""value"": 4}, {""periodSeconds"": 15, ""type"": ""Percent"", ""value"": 400}]",120,Min,"[{""periodSeconds"": 60, ""type"": ""Pods"", ""value"": 1}]",True,ScaleDownStabilized,"recent recommendations were higher than current one, applying the highest recent recommendation",True,ValidMetricFound,the HPA was able to successfully calculate a replica count from cpu resource utilization (percentage of request),False,DesiredWithinRange,the desired count is within the acceptable range
2026-09-17T17:32:26.394Z,api-hpa,Deployment,api,5,5,1,5,4,70,2026-09-17T17:30:35Z,0,Max,"[{""periodSeconds"": 15, ""type"": ""Pods"", ""value"": 4}, {""periodSeconds"": 15, ""type"": ""Percent"", ""value"": 400}]",120,Min,"[{""periodSeconds"": 60, ""type"": ""Pods"", ""value"": 1}]",True,ScaleDownStabilized,"recent recommendations were higher than current one, applying the highest recent recommendation",True,ValidMetricFound,the HPA was able to successfully calculate a replica count from cpu resource utilization (percentage of request),False,DesiredWithinRange,the desired count is within the acceptable range
2026-09-17T17:32:31.394Z,api-hpa,Deployment,api,5,5,1,5,4,70,2026-09-17T17:30:35Z,0,Max,"[{""periodSeconds"": 15, ""type"": ""Pods"", ""value"": 4}, {""periodSeconds"": 15, ""type"": ""Percent"", ""value"": 400}]",120,Min,"[{""periodSeconds"": 60, ""type"": ""Pods"", ""value"": 1}]",True,ScaleDownStabilized,"recent recommendations were higher than current one, applying the highest recent recommendation",True,ValidMetricFound,the HPA was able to successfully calculate a replica count from cpu resource utilization (percentage of request),False,DesiredWithinRange,the desired count is within the acceptable range
2026-09-17T17:32:36.395Z,api-hpa,Deployment,api,5,5,1,5,4,70,2026-09-17T17:30:35Z,0,Max,"[{""periodSeconds"": 15, ""type"": ""Pods"", ""value"": 4}, {""periodSeconds"": 15, ""type"": ""Percent"", ""value"": 400}]",120,Min,"[{""periodSeconds"": 60, ""type"": ""Pods"", ""value"": 1}]",True,ScaleDownStabilized,"recent recommendations were higher than current one, applying the highest recent recommendation",True,ValidMetricFound,the HPA was able to successfully calculate a replica count from cpu resource utilization (percentage of request),False,DesiredWithinRange,the desired count is within the acceptable range
