timestamp,metric,labels,value
1782411074,process_resident_memory_bytes,"{""instance"": ""api:8000"", ""job"": ""flash-sale-api""}",92872704
1782411079,process_resident_memory_bytes,"{""instance"": ""api:8000"", ""job"": ""flash-sale-api""}",92872704
1782411084,process_resident_memory_bytes,"{""instance"": ""api:8000"", ""job"": ""flash-sale-api""}",92872704
1782411089,process_resident_memory_bytes,"{""instance"": ""api:8000"", ""job"": ""flash-sale-api""}",92872704
1782411094,process_resident_memory_bytes,"{""instance"": ""api:8000"", ""job"": ""flash-sale-api""}",92872704
1782411099,process_resident_memory_bytes,"{""instance"": ""api:8000"", ""job"": ""flash-sale-api""}",92872704
1782411104,process_resident_memory_bytes,"{""instance"": ""api:8000"", ""job"": ""flash-sale-api""}",92872704
1782411109,process_resident_memory_bytes,"{""instance"": ""api:8000"", ""job"": ""flash-sale-api""}",92872704
1782411114,process_resident_memory_bytes,"{""instance"": ""api:8000"", ""job"": ""flash-sale-api""}",92872704
1782411119,process_resident_memory_bytes,"{""instance"": ""api:8000"", ""job"": ""flash-sale-api""}",92872704
1782411124,process_resident_memory_bytes,"{""instance"": ""api:8000"", ""job"": ""flash-sale-api""}",92872704
1782411129,process_resident_memory_bytes,"{""instance"": ""api:8000"", ""job"": ""flash-sale-api""}",92872704
1782411134,process_resident_memory_bytes,"{""instance"": ""api:8000"", ""job"": ""flash-sale-api""}",92872704
1782411139,process_resident_memory_bytes,"{""instance"": ""api:8000"", ""job"": ""flash-sale-api""}",93003776
1782411144,process_resident_memory_bytes,"{""instance"": ""api:8000"", ""job"": ""flash-sale-api""}",93134848
1782411149,process_resident_memory_bytes,"{""instance"": ""api:8000"", ""job"": ""flash-sale-api""}",93134848
1782411154,process_resident_memory_bytes,"{""instance"": ""api:8000"", ""job"": ""flash-sale-api""}",93134848
1782411159,process_resident_memory_bytes,"{""instance"": ""api:8000"", ""job"": ""flash-sale-api""}",93134848
1782411164,process_resident_memory_bytes,"{""instance"": ""api:8000"", ""job"": ""flash-sale-api""}",93134848
1782411169,process_resident_memory_bytes,"{""instance"": ""api:8000"", ""job"": ""flash-sale-api""}",93265920
1782411174,process_resident_memory_bytes,"{""instance"": ""api:8000"", ""job"": ""flash-sale-api""}",93265920
1782411179,process_resident_memory_bytes,"{""instance"": ""api:8000"", ""job"": ""flash-sale-api""}",93396992
1782411184,process_resident_memory_bytes,"{""instance"": ""api:8000"", ""job"": ""flash-sale-api""}",93396992
1782411189,process_resident_memory_bytes,"{""instance"": ""api:8000"", ""job"": ""flash-sale-api""}",93265920
1782411194,process_resident_memory_bytes,"{""instance"": ""api:8000"", ""job"": ""flash-sale-api""}",93265920
1782411199,process_resident_memory_bytes,"{""instance"": ""api:8000"", ""job"": ""flash-sale-api""}",95100928
1782411204,process_resident_memory_bytes,"{""instance"": ""api:8000"", ""job"": ""flash-sale-api""}",95363072
1782411209,process_resident_memory_bytes,"{""instance"": ""api:8000"", ""job"": ""flash-sale-api""}",95363072
1782411074,process_virtual_memory_bytes,"{""instance"": ""api:8000"", ""job"": ""flash-sale-api""}",454668288
1782411079,process_virtual_memory_bytes,"{""instance"": ""api:8000"", ""job"": ""flash-sale-api""}",454668288
1782411084,process_virtual_memory_bytes,"{""instance"": ""api:8000"", ""job"": ""flash-sale-api""}",454668288
1782411089,process_virtual_memory_bytes,"{""instance"": ""api:8000"", ""job"": ""flash-sale-api""}",454668288
1782411094,process_virtual_memory_bytes,"{""instance"": ""api:8000"", ""job"": ""flash-sale-api""}",454668288
1782411099,process_virtual_memory_bytes,"{""instance"": ""api:8000"", ""job"": ""flash-sale-api""}",454668288
1782411104,process_virtual_memory_bytes,"{""instance"": ""api:8000"", ""job"": ""flash-sale-api""}",454668288
1782411109,process_virtual_memory_bytes,"{""instance"": ""api:8000"", ""job"": ""flash-sale-api""}",454668288
1782411114,process_virtual_memory_bytes,"{""instance"": ""api:8000"", ""job"": ""flash-sale-api""}",454668288
1782411119,process_virtual_memory_bytes,"{""instance"": ""api:8000"", ""job"": ""flash-sale-api""}",454668288
1782411124,process_virtual_memory_bytes,"{""instance"": ""api:8000"", ""job"": ""flash-sale-api""}",454668288
1782411129,process_virtual_memory_bytes,"{""instance"": ""api:8000"", ""job"": ""flash-sale-api""}",454668288
1782411134,process_virtual_memory_bytes,"{""instance"": ""api:8000"", ""job"": ""flash-sale-api""}",454668288
1782411139,process_virtual_memory_bytes,"{""instance"": ""api:8000"", ""job"": ""flash-sale-api""}",455716864
1782411144,process_virtual_memory_bytes,"{""instance"": ""api:8000"", ""job"": ""flash-sale-api""}",455733248
1782411149,process_virtual_memory_bytes,"{""instance"": ""api:8000"", ""job"": ""flash-sale-api""}",455733248
1782411154,process_virtual_memory_bytes,"{""instance"": ""api:8000"", ""job"": ""flash-sale-api""}",455733248
1782411159,process_virtual_memory_bytes,"{""instance"": ""api:8000"", ""job"": ""flash-sale-api""}",455716864
1782411164,process_virtual_memory_bytes,"{""instance"": ""api:8000"", ""job"": ""flash-sale-api""}",455733248
1782411169,process_virtual_memory_bytes,"{""instance"": ""api:8000"", ""job"": ""flash-sale-api""}",455733248
1782411174,process_virtual_memory_bytes,"{""instance"": ""api:8000"", ""job"": ""flash-sale-api""}",455733248
1782411179,process_virtual_memory_bytes,"{""instance"": ""api:8000"", ""job"": ""flash-sale-api""}",531267584
1782411184,process_virtual_memory_bytes,"{""instance"": ""api:8000"", ""job"": ""flash-sale-api""}",531267584
1782411189,process_virtual_memory_bytes,"{""instance"": ""api:8000"", ""job"": ""flash-sale-api""}",531251200
1782411194,process_virtual_memory_bytes,"{""instance"": ""api:8000"", ""job"": ""flash-sale-api""}",531267584
1782411199,process_virtual_memory_bytes,"{""instance"": ""api:8000"", ""job"": ""flash-sale-api""}",1445826560
1782411204,process_virtual_memory_bytes,"{""instance"": ""api:8000"", ""job"": ""flash-sale-api""}",1445826560
1782411209,process_virtual_memory_bytes,"{""instance"": ""api:8000"", ""job"": ""flash-sale-api""}",1395372032
1782411074,rate(process_cpu_seconds_total[15s]),"{""instance"": ""api:8000"", ""job"": ""flash-sale-api""}",0.0019999999999999575
1782411079,rate(process_cpu_seconds_total[15s]),"{""instance"": ""api:8000"", ""job"": ""flash-sale-api""}",0.0029999999999997585
1782411084,rate(process_cpu_seconds_total[15s]),"{""instance"": ""api:8000"", ""job"": ""flash-sale-api""}",0.0030000000000001137
1782411089,rate(process_cpu_seconds_total[15s]),"{""instance"": ""api:8000"", ""job"": ""flash-sale-api""}",0.0019999999999999575
1782411094,rate(process_cpu_seconds_total[15s]),"{""instance"": ""api:8000"", ""job"": ""flash-sale-api""}",0.0020004000800159607
1782411099,rate(process_cpu_seconds_total[15s]),"{""instance"": ""api:8000"", ""job"": ""flash-sale-api""}",0.0030006001200241187
1782411104,rate(process_cpu_seconds_total[15s]),"{""instance"": ""api:8000"", ""job"": ""flash-sale-api""}",0.0029999999999997585
1782411109,rate(process_cpu_seconds_total[15s]),"{""instance"": ""api:8000"", ""job"": ""flash-sale-api""}",0.0019999999999999575
1782411114,rate(process_cpu_seconds_total[15s]),"{""instance"": ""api:8000"", ""job"": ""flash-sale-api""}",0.0019999999999999575
1782411119,rate(process_cpu_seconds_total[15s]),"{""instance"": ""api:8000"", ""job"": ""flash-sale-api""}",0.0030000000000001137
1782411124,rate(process_cpu_seconds_total[15s]),"{""instance"": ""api:8000"", ""job"": ""flash-sale-api""}",0.019001900190019485
1782411129,rate(process_cpu_seconds_total[15s]),"{""instance"": ""api:8000"", ""job"": ""flash-sale-api""}",0.06900690069006878
1782411134,rate(process_cpu_seconds_total[15s]),"{""instance"": ""api:8000"", ""job"": ""flash-sale-api""}",0.13199999999999967
1782411139,rate(process_cpu_seconds_total[15s]),"{""instance"": ""api:8000"", ""job"": ""flash-sale-api""}",0.1910191019101914
1782411144,rate(process_cpu_seconds_total[15s]),"{""instance"": ""api:8000"", ""job"": ""flash-sale-api""}",0.24502450245024493
1782411149,rate(process_cpu_seconds_total[15s]),"{""instance"": ""api:8000"", ""job"": ""flash-sale-api""}",0.286
1782411154,rate(process_cpu_seconds_total[15s]),"{""instance"": ""api:8000"", ""job"": ""flash-sale-api""}",0.32706541308261683
1782411159,rate(process_cpu_seconds_total[15s]),"{""instance"": ""api:8000"", ""job"": ""flash-sale-api""}",0.3650365036503649
1782411164,rate(process_cpu_seconds_total[15s]),"{""instance"": ""api:8000"", ""job"": ""flash-sale-api""}",0.3949605039496046
1782411169,rate(process_cpu_seconds_total[15s]),"{""instance"": ""api:8000"", ""job"": ""flash-sale-api""}",0.43104310431043125
1782411174,rate(process_cpu_seconds_total[15s]),"{""instance"": ""api:8000"", ""job"": ""flash-sale-api""}",0.4700470047004703
1782411179,rate(process_cpu_seconds_total[15s]),"{""instance"": ""api:8000"", ""job"": ""flash-sale-api""}",0.5239999999999995
1782411184,rate(process_cpu_seconds_total[15s]),"{""instance"": ""api:8000"", ""job"": ""flash-sale-api""}",0.5740574057405742
1782411189,rate(process_cpu_seconds_total[15s]),"{""instance"": ""api:8000"", ""job"": ""flash-sale-api""}",0.6211242248449698
1782411194,rate(process_cpu_seconds_total[15s]),"{""instance"": ""api:8000"", ""job"": ""flash-sale-api""}",0.6850000000000002
1782411199,rate(process_cpu_seconds_total[15s]),"{""instance"": ""api:8000"", ""job"": ""flash-sale-api""}",0.7989999999999995
1782411204,rate(process_cpu_seconds_total[15s]),"{""instance"": ""api:8000"", ""job"": ""flash-sale-api""}",0.7700770077007704
1782411209,rate(process_cpu_seconds_total[15s]),"{""instance"": ""api:8000"", ""job"": ""flash-sale-api""}",0.4519548045195476
1782411074,http_requests_total,"{""handler"": ""/checkout"", ""instance"": ""api:8000"", ""job"": ""flash-sale-api"", ""method"": ""POST"", ""status"": ""2xx""}",1829
1782411079,http_requests_total,"{""handler"": ""/checkout"", ""instance"": ""api:8000"", ""job"": ""flash-sale-api"", ""method"": ""POST"", ""status"": ""2xx""}",1829
1782411084,http_requests_total,"{""handler"": ""/checkout"", ""instance"": ""api:8000"", ""job"": ""flash-sale-api"", ""method"": ""POST"", ""status"": ""2xx""}",1829
1782411089,http_requests_total,"{""handler"": ""/checkout"", ""instance"": ""api:8000"", ""job"": ""flash-sale-api"", ""method"": ""POST"", ""status"": ""2xx""}",1829
1782411094,http_requests_total,"{""handler"": ""/checkout"", ""instance"": ""api:8000"", ""job"": ""flash-sale-api"", ""method"": ""POST"", ""status"": ""2xx""}",1829
1782411099,http_requests_total,"{""handler"": ""/checkout"", ""instance"": ""api:8000"", ""job"": ""flash-sale-api"", ""method"": ""POST"", ""status"": ""2xx""}",1829
1782411104,http_requests_total,"{""handler"": ""/checkout"", ""instance"": ""api:8000"", ""job"": ""flash-sale-api"", ""method"": ""POST"", ""status"": ""2xx""}",1829
1782411109,http_requests_total,"{""handler"": ""/checkout"", ""instance"": ""api:8000"", ""job"": ""flash-sale-api"", ""method"": ""POST"", ""status"": ""2xx""}",1829
1782411114,http_requests_total,"{""handler"": ""/checkout"", ""instance"": ""api:8000"", ""job"": ""flash-sale-api"", ""method"": ""POST"", ""status"": ""2xx""}",1829
1782411119,http_requests_total,"{""handler"": ""/checkout"", ""instance"": ""api:8000"", ""job"": ""flash-sale-api"", ""method"": ""POST"", ""status"": ""2xx""}",1829
1782411124,http_requests_total,"{""handler"": ""/checkout"", ""instance"": ""api:8000"", ""job"": ""flash-sale-api"", ""method"": ""POST"", ""status"": ""2xx""}",1841
1782411129,http_requests_total,"{""handler"": ""/checkout"", ""instance"": ""api:8000"", ""job"": ""flash-sale-api"", ""method"": ""POST"", ""status"": ""2xx""}",1878
1782411134,http_requests_total,"{""handler"": ""/checkout"", ""instance"": ""api:8000"", ""job"": ""flash-sale-api"", ""method"": ""POST"", ""status"": ""2xx""}",1939
1782411139,http_requests_total,"{""handler"": ""/checkout"", ""instance"": ""api:8000"", ""job"": ""flash-sale-api"", ""method"": ""POST"", ""status"": ""2xx""}",2023
1782411144,http_requests_total,"{""handler"": ""/checkout"", ""instance"": ""api:8000"", ""job"": ""flash-sale-api"", ""method"": ""POST"", ""status"": ""2xx""}",2129
1782411149,http_requests_total,"{""handler"": ""/checkout"", ""instance"": ""api:8000"", ""job"": ""flash-sale-api"", ""method"": ""POST"", ""status"": ""2xx""}",2251
1782411154,http_requests_total,"{""handler"": ""/checkout"", ""instance"": ""api:8000"", ""job"": ""flash-sale-api"", ""method"": ""POST"", ""status"": ""2xx""}",2390
1782411159,http_requests_total,"{""handler"": ""/checkout"", ""instance"": ""api:8000"", ""job"": ""flash-sale-api"", ""method"": ""POST"", ""status"": ""2xx""}",2546
1782411164,http_requests_total,"{""handler"": ""/checkout"", ""instance"": ""api:8000"", ""job"": ""flash-sale-api"", ""method"": ""POST"", ""status"": ""2xx""}",2718
1782411169,http_requests_total,"{""handler"": ""/checkout"", ""instance"": ""api:8000"", ""job"": ""flash-sale-api"", ""method"": ""POST"", ""status"": ""2xx""}",2907
1782411174,http_requests_total,"{""handler"": ""/checkout"", ""instance"": ""api:8000"", ""job"": ""flash-sale-api"", ""method"": ""POST"", ""status"": ""2xx""}",3113
1782411179,http_requests_total,"{""handler"": ""/checkout"", ""instance"": ""api:8000"", ""job"": ""flash-sale-api"", ""method"": ""POST"", ""status"": ""2xx""}",3335
1782411184,http_requests_total,"{""handler"": ""/checkout"", ""instance"": ""api:8000"", ""job"": ""flash-sale-api"", ""method"": ""POST"", ""status"": ""2xx""}",3574
1782411189,http_requests_total,"{""handler"": ""/checkout"", ""instance"": ""api:8000"", ""job"": ""flash-sale-api"", ""method"": ""POST"", ""status"": ""2xx""}",3830
1782411194,http_requests_total,"{""handler"": ""/checkout"", ""instance"": ""api:8000"", ""job"": ""flash-sale-api"", ""method"": ""POST"", ""status"": ""2xx""}",4102
1782411199,http_requests_total,"{""handler"": ""/checkout"", ""instance"": ""api:8000"", ""job"": ""flash-sale-api"", ""method"": ""POST"", ""status"": ""2xx""}",4391
1782411204,http_requests_total,"{""handler"": ""/checkout"", ""instance"": ""api:8000"", ""job"": ""flash-sale-api"", ""method"": ""POST"", ""status"": ""2xx""}",4638
1782411209,http_requests_total,"{""handler"": ""/checkout"", ""instance"": ""api:8000"", ""job"": ""flash-sale-api"", ""method"": ""POST"", ""status"": ""2xx""}",4737
1782411074,"rate(http_requests_total{handler=""/checkout"",method=""POST""}[15s])","{""handler"": ""/checkout"", ""instance"": ""api:8000"", ""job"": ""flash-sale-api"", ""method"": ""POST"", ""status"": ""2xx""}",0
1782411079,"rate(http_requests_total{handler=""/checkout"",method=""POST""}[15s])","{""handler"": ""/checkout"", ""instance"": ""api:8000"", ""job"": ""flash-sale-api"", ""method"": ""POST"", ""status"": ""2xx""}",0
1782411084,"rate(http_requests_total{handler=""/checkout"",method=""POST""}[15s])","{""handler"": ""/checkout"", ""instance"": ""api:8000"", ""job"": ""flash-sale-api"", ""method"": ""POST"", ""status"": ""2xx""}",0
1782411089,"rate(http_requests_total{handler=""/checkout"",method=""POST""}[15s])","{""handler"": ""/checkout"", ""instance"": ""api:8000"", ""job"": ""flash-sale-api"", ""method"": ""POST"", ""status"": ""2xx""}",0
1782411094,"rate(http_requests_total{handler=""/checkout"",method=""POST""}[15s])","{""handler"": ""/checkout"", ""instance"": ""api:8000"", ""job"": ""flash-sale-api"", ""method"": ""POST"", ""status"": ""2xx""}",0
1782411099,"rate(http_requests_total{handler=""/checkout"",method=""POST""}[15s])","{""handler"": ""/checkout"", ""instance"": ""api:8000"", ""job"": ""flash-sale-api"", ""method"": ""POST"", ""status"": ""2xx""}",0
1782411104,"rate(http_requests_total{handler=""/checkout"",method=""POST""}[15s])","{""handler"": ""/checkout"", ""instance"": ""api:8000"", ""job"": ""flash-sale-api"", ""method"": ""POST"", ""status"": ""2xx""}",0
1782411109,"rate(http_requests_total{handler=""/checkout"",method=""POST""}[15s])","{""handler"": ""/checkout"", ""instance"": ""api:8000"", ""job"": ""flash-sale-api"", ""method"": ""POST"", ""status"": ""2xx""}",0
1782411114,"rate(http_requests_total{handler=""/checkout"",method=""POST""}[15s])","{""handler"": ""/checkout"", ""instance"": ""api:8000"", ""job"": ""flash-sale-api"", ""method"": ""POST"", ""status"": ""2xx""}",0
1782411119,"rate(http_requests_total{handler=""/checkout"",method=""POST""}[15s])","{""handler"": ""/checkout"", ""instance"": ""api:8000"", ""job"": ""flash-sale-api"", ""method"": ""POST"", ""status"": ""2xx""}",0
1782411124,"rate(http_requests_total{handler=""/checkout"",method=""POST""}[15s])","{""handler"": ""/checkout"", ""instance"": ""api:8000"", ""job"": ""flash-sale-api"", ""method"": ""POST"", ""status"": ""2xx""}",1.2001200120012
1782411129,"rate(http_requests_total{handler=""/checkout"",method=""POST""}[15s])","{""handler"": ""/checkout"", ""instance"": ""api:8000"", ""job"": ""flash-sale-api"", ""method"": ""POST"", ""status"": ""2xx""}",4.9004900490049
1782411134,"rate(http_requests_total{handler=""/checkout"",method=""POST""}[15s])","{""handler"": ""/checkout"", ""instance"": ""api:8000"", ""job"": ""flash-sale-api"", ""method"": ""POST"", ""status"": ""2xx""}",9.8
1782411139,"rate(http_requests_total{handler=""/checkout"",method=""POST""}[15s])","{""handler"": ""/checkout"", ""instance"": ""api:8000"", ""job"": ""flash-sale-api"", ""method"": ""POST"", ""status"": ""2xx""}",14.5014501450145
1782411144,"rate(http_requests_total{handler=""/checkout"",method=""POST""}[15s])","{""handler"": ""/checkout"", ""instance"": ""api:8000"", ""job"": ""flash-sale-api"", ""method"": ""POST"", ""status"": ""2xx""}",19.001900190019
1782411149,"rate(http_requests_total{handler=""/checkout"",method=""POST""}[15s])","{""handler"": ""/checkout"", ""instance"": ""api:8000"", ""job"": ""flash-sale-api"", ""method"": ""POST"", ""status"": ""2xx""}",22.8
1782411154,"rate(http_requests_total{handler=""/checkout"",method=""POST""}[15s])","{""handler"": ""/checkout"", ""instance"": ""api:8000"", ""job"": ""flash-sale-api"", ""method"": ""POST"", ""status"": ""2xx""}",26.105221044208843
1782411159,"rate(http_requests_total{handler=""/checkout"",method=""POST""}[15s])","{""handler"": ""/checkout"", ""instance"": ""api:8000"", ""job"": ""flash-sale-api"", ""method"": ""POST"", ""status"": ""2xx""}",29.5029502950295
1782411164,"rate(http_requests_total{handler=""/checkout"",method=""POST""}[15s])","{""handler"": ""/checkout"", ""instance"": ""api:8000"", ""job"": ""flash-sale-api"", ""method"": ""POST"", ""status"": ""2xx""}",32.7967203279672
1782411169,"rate(http_requests_total{handler=""/checkout"",method=""POST""}[15s])","{""handler"": ""/checkout"", ""instance"": ""api:8000"", ""job"": ""flash-sale-api"", ""method"": ""POST"", ""status"": ""2xx""}",36.103610361036104
1782411174,"rate(http_requests_total{handler=""/checkout"",method=""POST""}[15s])","{""handler"": ""/checkout"", ""instance"": ""api:8000"", ""job"": ""flash-sale-api"", ""method"": ""POST"", ""status"": ""2xx""}",39.5039503950395
1782411179,"rate(http_requests_total{handler=""/checkout"",method=""POST""}[15s])","{""handler"": ""/checkout"", ""instance"": ""api:8000"", ""job"": ""flash-sale-api"", ""method"": ""POST"", ""status"": ""2xx""}",42.800000000000004
1782411184,"rate(http_requests_total{handler=""/checkout"",method=""POST""}[15s])","{""handler"": ""/checkout"", ""instance"": ""api:8000"", ""job"": ""flash-sale-api"", ""method"": ""POST"", ""status"": ""2xx""}",46.1046104610461
1782411189,"rate(http_requests_total{handler=""/checkout"",method=""POST""}[15s])","{""handler"": ""/checkout"", ""instance"": ""api:8000"", ""job"": ""flash-sale-api"", ""method"": ""POST"", ""status"": ""2xx""}",49.50990198039608
1782411194,"rate(http_requests_total{handler=""/checkout"",method=""POST""}[15s])","{""handler"": ""/checkout"", ""instance"": ""api:8000"", ""job"": ""flash-sale-api"", ""method"": ""POST"", ""status"": ""2xx""}",52.800000000000004
1782411199,"rate(http_requests_total{handler=""/checkout"",method=""POST""}[15s])","{""handler"": ""/checkout"", ""instance"": ""api:8000"", ""job"": ""flash-sale-api"", ""method"": ""POST"", ""status"": ""2xx""}",56.1
1782411204,"rate(http_requests_total{handler=""/checkout"",method=""POST""}[15s])","{""handler"": ""/checkout"", ""instance"": ""api:8000"", ""job"": ""flash-sale-api"", ""method"": ""POST"", ""status"": ""2xx""}",53.6053605360536
1782411209,"rate(http_requests_total{handler=""/checkout"",method=""POST""}[15s])","{""handler"": ""/checkout"", ""instance"": ""api:8000"", ""job"": ""flash-sale-api"", ""method"": ""POST"", ""status"": ""2xx""}",34.5965403459654
1782411074,http_request_duration_seconds_count,"{""handler"": ""/checkout"", ""instance"": ""api:8000"", ""job"": ""flash-sale-api"", ""method"": ""POST""}",1829
1782411079,http_request_duration_seconds_count,"{""handler"": ""/checkout"", ""instance"": ""api:8000"", ""job"": ""flash-sale-api"", ""method"": ""POST""}",1829
1782411084,http_request_duration_seconds_count,"{""handler"": ""/checkout"", ""instance"": ""api:8000"", ""job"": ""flash-sale-api"", ""method"": ""POST""}",1829
1782411089,http_request_duration_seconds_count,"{""handler"": ""/checkout"", ""instance"": ""api:8000"", ""job"": ""flash-sale-api"", ""method"": ""POST""}",1829
1782411094,http_request_duration_seconds_count,"{""handler"": ""/checkout"", ""instance"": ""api:8000"", ""job"": ""flash-sale-api"", ""method"": ""POST""}",1829
1782411099,http_request_duration_seconds_count,"{""handler"": ""/checkout"", ""instance"": ""api:8000"", ""job"": ""flash-sale-api"", ""method"": ""POST""}",1829
1782411104,http_request_duration_seconds_count,"{""handler"": ""/checkout"", ""instance"": ""api:8000"", ""job"": ""flash-sale-api"", ""method"": ""POST""}",1829
1782411109,http_request_duration_seconds_count,"{""handler"": ""/checkout"", ""instance"": ""api:8000"", ""job"": ""flash-sale-api"", ""method"": ""POST""}",1829
1782411114,http_request_duration_seconds_count,"{""handler"": ""/checkout"", ""instance"": ""api:8000"", ""job"": ""flash-sale-api"", ""method"": ""POST""}",1829
1782411119,http_request_duration_seconds_count,"{""handler"": ""/checkout"", ""instance"": ""api:8000"", ""job"": ""flash-sale-api"", ""method"": ""POST""}",1829
1782411124,http_request_duration_seconds_count,"{""handler"": ""/checkout"", ""instance"": ""api:8000"", ""job"": ""flash-sale-api"", ""method"": ""POST""}",1841
1782411129,http_request_duration_seconds_count,"{""handler"": ""/checkout"", ""instance"": ""api:8000"", ""job"": ""flash-sale-api"", ""method"": ""POST""}",1878
1782411134,http_request_duration_seconds_count,"{""handler"": ""/checkout"", ""instance"": ""api:8000"", ""job"": ""flash-sale-api"", ""method"": ""POST""}",1939
1782411139,http_request_duration_seconds_count,"{""handler"": ""/checkout"", ""instance"": ""api:8000"", ""job"": ""flash-sale-api"", ""method"": ""POST""}",2023
1782411144,http_request_duration_seconds_count,"{""handler"": ""/checkout"", ""instance"": ""api:8000"", ""job"": ""flash-sale-api"", ""method"": ""POST""}",2129
1782411149,http_request_duration_seconds_count,"{""handler"": ""/checkout"", ""instance"": ""api:8000"", ""job"": ""flash-sale-api"", ""method"": ""POST""}",2251
1782411154,http_request_duration_seconds_count,"{""handler"": ""/checkout"", ""instance"": ""api:8000"", ""job"": ""flash-sale-api"", ""method"": ""POST""}",2390
1782411159,http_request_duration_seconds_count,"{""handler"": ""/checkout"", ""instance"": ""api:8000"", ""job"": ""flash-sale-api"", ""method"": ""POST""}",2546
1782411164,http_request_duration_seconds_count,"{""handler"": ""/checkout"", ""instance"": ""api:8000"", ""job"": ""flash-sale-api"", ""method"": ""POST""}",2718
1782411169,http_request_duration_seconds_count,"{""handler"": ""/checkout"", ""instance"": ""api:8000"", ""job"": ""flash-sale-api"", ""method"": ""POST""}",2907
1782411174,http_request_duration_seconds_count,"{""handler"": ""/checkout"", ""instance"": ""api:8000"", ""job"": ""flash-sale-api"", ""method"": ""POST""}",3113
1782411179,http_request_duration_seconds_count,"{""handler"": ""/checkout"", ""instance"": ""api:8000"", ""job"": ""flash-sale-api"", ""method"": ""POST""}",3335
1782411184,http_request_duration_seconds_count,"{""handler"": ""/checkout"", ""instance"": ""api:8000"", ""job"": ""flash-sale-api"", ""method"": ""POST""}",3574
1782411189,http_request_duration_seconds_count,"{""handler"": ""/checkout"", ""instance"": ""api:8000"", ""job"": ""flash-sale-api"", ""method"": ""POST""}",3830
1782411194,http_request_duration_seconds_count,"{""handler"": ""/checkout"", ""instance"": ""api:8000"", ""job"": ""flash-sale-api"", ""method"": ""POST""}",4102
1782411199,http_request_duration_seconds_count,"{""handler"": ""/checkout"", ""instance"": ""api:8000"", ""job"": ""flash-sale-api"", ""method"": ""POST""}",4391
1782411204,http_request_duration_seconds_count,"{""handler"": ""/checkout"", ""instance"": ""api:8000"", ""job"": ""flash-sale-api"", ""method"": ""POST""}",4638
1782411209,http_request_duration_seconds_count,"{""handler"": ""/checkout"", ""instance"": ""api:8000"", ""job"": ""flash-sale-api"", ""method"": ""POST""}",4737
1782411074,http_request_duration_seconds_sum,"{""handler"": ""/checkout"", ""instance"": ""api:8000"", ""job"": ""flash-sale-api"", ""method"": ""POST""}",37.67924963800476
1782411079,http_request_duration_seconds_sum,"{""handler"": ""/checkout"", ""instance"": ""api:8000"", ""job"": ""flash-sale-api"", ""method"": ""POST""}",37.67924963800476
1782411084,http_request_duration_seconds_sum,"{""handler"": ""/checkout"", ""instance"": ""api:8000"", ""job"": ""flash-sale-api"", ""method"": ""POST""}",37.67924963800476
1782411089,http_request_duration_seconds_sum,"{""handler"": ""/checkout"", ""instance"": ""api:8000"", ""job"": ""flash-sale-api"", ""method"": ""POST""}",37.67924963800476
1782411094,http_request_duration_seconds_sum,"{""handler"": ""/checkout"", ""instance"": ""api:8000"", ""job"": ""flash-sale-api"", ""method"": ""POST""}",37.67924963800476
1782411099,http_request_duration_seconds_sum,"{""handler"": ""/checkout"", ""instance"": ""api:8000"", ""job"": ""flash-sale-api"", ""method"": ""POST""}",37.67924963800476
1782411104,http_request_duration_seconds_sum,"{""handler"": ""/checkout"", ""instance"": ""api:8000"", ""job"": ""flash-sale-api"", ""method"": ""POST""}",37.67924963800476
1782411109,http_request_duration_seconds_sum,"{""handler"": ""/checkout"", ""instance"": ""api:8000"", ""job"": ""flash-sale-api"", ""method"": ""POST""}",37.67924963800476
1782411114,http_request_duration_seconds_sum,"{""handler"": ""/checkout"", ""instance"": ""api:8000"", ""job"": ""flash-sale-api"", ""method"": ""POST""}",37.67924963800476
1782411119,http_request_duration_seconds_sum,"{""handler"": ""/checkout"", ""instance"": ""api:8000"", ""job"": ""flash-sale-api"", ""method"": ""POST""}",37.67924963800476
1782411124,http_request_duration_seconds_sum,"{""handler"": ""/checkout"", ""instance"": ""api:8000"", ""job"": ""flash-sale-api"", ""method"": ""POST""}",37.95947738100506
1782411129,http_request_duration_seconds_sum,"{""handler"": ""/checkout"", ""instance"": ""api:8000"", ""job"": ""flash-sale-api"", ""method"": ""POST""}",38.7532908430054
1782411134,http_request_duration_seconds_sum,"{""handler"": ""/checkout"", ""instance"": ""api:8000"", ""job"": ""flash-sale-api"", ""method"": ""POST""}",39.99254259200518
1782411139,http_request_duration_seconds_sum,"{""handler"": ""/checkout"", ""instance"": ""api:8000"", ""job"": ""flash-sale-api"", ""method"": ""POST""}",41.68779486100618
1782411144,http_request_duration_seconds_sum,"{""handler"": ""/checkout"", ""instance"": ""api:8000"", ""job"": ""flash-sale-api"", ""method"": ""POST""}",43.75835227600544
1782411149,http_request_duration_seconds_sum,"{""handler"": ""/checkout"", ""instance"": ""api:8000"", ""job"": ""flash-sale-api"", ""method"": ""POST""}",46.19393083200487
1782411154,http_request_duration_seconds_sum,"{""handler"": ""/checkout"", ""instance"": ""api:8000"", ""job"": ""flash-sale-api"", ""method"": ""POST""}",48.95302924100531
1782411159,http_request_duration_seconds_sum,"{""handler"": ""/checkout"", ""instance"": ""api:8000"", ""job"": ""flash-sale-api"", ""method"": ""POST""}",51.96082414800628
1782411164,http_request_duration_seconds_sum,"{""handler"": ""/checkout"", ""instance"": ""api:8000"", ""job"": ""flash-sale-api"", ""method"": ""POST""}",55.19659324700581
1782411169,http_request_duration_seconds_sum,"{""handler"": ""/checkout"", ""instance"": ""api:8000"", ""job"": ""flash-sale-api"", ""method"": ""POST""}",58.822491140007855
1782411174,http_request_duration_seconds_sum,"{""handler"": ""/checkout"", ""instance"": ""api:8000"", ""job"": ""flash-sale-api"", ""method"": ""POST""}",62.68830020800635
1782411179,http_request_duration_seconds_sum,"{""handler"": ""/checkout"", ""instance"": ""api:8000"", ""job"": ""flash-sale-api"", ""method"": ""POST""}",67.27375147700548
1782411184,http_request_duration_seconds_sum,"{""handler"": ""/checkout"", ""instance"": ""api:8000"", ""job"": ""flash-sale-api"", ""method"": ""POST""}",72.12967846300569
1782411189,http_request_duration_seconds_sum,"{""handler"": ""/checkout"", ""instance"": ""api:8000"", ""job"": ""flash-sale-api"", ""method"": ""POST""}",77.9911876470054
1782411194,http_request_duration_seconds_sum,"{""handler"": ""/checkout"", ""instance"": ""api:8000"", ""job"": ""flash-sale-api"", ""method"": ""POST""}",84.49846824100553
1782411199,http_request_duration_seconds_sum,"{""handler"": ""/checkout"", ""instance"": ""api:8000"", ""job"": ""flash-sale-api"", ""method"": ""POST""}",98.98826906800684
1782411204,http_request_duration_seconds_sum,"{""handler"": ""/checkout"", ""instance"": ""api:8000"", ""job"": ""flash-sale-api"", ""method"": ""POST""}",105.15228830900503
1782411209,http_request_duration_seconds_sum,"{""handler"": ""/checkout"", ""instance"": ""api:8000"", ""job"": ""flash-sale-api"", ""method"": ""POST""}",107.13010495100423
